Workbook
Name Slicer_Department: #N/A
Name Slicer_Employment_Status: #N/A
Name Slicer_Gender: #N/A
Name Slicer_Hire_Date__Year: #N/A
Name Slicer_Region: #N/A

Sheet DATA HR EMPLOYEE
A1: Employee ID | B1: Employee Name | C1: Gender | D1: Age | E1: Department | F1: Job Role | G1: Hire Date | H1: Employment Status | I1: Resignation Date | J1: Education Level | K1: Region | L1: Monthly Salary | M1: Salary Category | N1: Bonus | O1: Performance Score | P1: Overtime Hours | Q1: Attendance Rate (%) | R1: Years at Company | S1: Job Satisfaction
A2: EMP000001 | B2: Employee_1 | C2: Female | D2: 48 | E2: Sales | F2: Sales Manager | G2: 43615 | H2: Active | J2: Master | K2: Bandung | L2: 18831984 | M2: =IF(L2<5000000,"<Rp5 jt",IF(L2<10000000,"Rp5 jt - Rp10 jt",IF(L2<15000000,"Rp10 jt - Rp15 jt",IF(L2<25000000,"Rp15 jt - Rp25 jt",">Rp25 jt")))) -> Rp15 jt - Rp25 jt | N2: 5723038 | O2: 4.91 | P2: 15 | Q2: 98.03 | R2: =IF(I2="",ROUND((TODAY()-G2)/365,1),ROUND((hr_analytics_dataset_5873_rows[[#This Row],[Resignation Date]]-hr_analytics_dataset_5873_rows[[#This Row],[Hire Date]])/365,1)) -> 7.1 | S2: 4
A3: EMP000002 | B3: Employee_2 | C3: Male | D3: 26 | E3: IT | F3: System Admin | G3: 44130 | H3: Resigned | I3: 46116 | J3: Diploma | K3: Bandung | L3: 33418624 | M3: =IF(L3<5000000,"<Rp5 jt",IF(L3<10000000,"Rp5 jt - Rp10 jt",IF(L3<15000000,"Rp10 jt - Rp15 jt",IF(L3<25000000,"Rp15 jt - Rp25 jt",">Rp25 jt")))) -> >Rp25 jt | N3: 541210 | O3: 3.47 | P3: 55 | Q3: 99.01 | R3: =IF(I3="",ROUND((TODAY()-G3)/365,1),ROUND((hr_analytics_dataset_5873_rows[[#This Row],[Resignation Date]]-hr_analytics_dataset_5873_rows[[#This Row],[Hire Date]])/365,1)) -> 5.4 | S3: 4 | V3: Jumlah Karyawan | W3: =COUNTA(hr_analytics_dataset_5873_rows[Employee ID]) -> 5873
A4: EMP000003 | B4: Employee_3 | C4: Female | D4: 36 | E4: Operations | F4: Operations Manager | G4: 45785 | H4: Active | J4: High School | K4: Surabaya | L4: 15519850 | M4: =IF(L4<5000000,"<Rp5 jt",IF(L4<10000000,"Rp5 jt - Rp10 jt",IF(L4<15000000,"Rp10 jt - Rp15 jt",IF(L4<25000000,"Rp15 jt - Rp25 jt",">Rp25 jt")))) -> Rp15 jt - Rp25 jt | N4: 1322362 | O4: 3.13 | P4: 46 | Q4: 80.86 | R4: =IF(I4="",ROUND((TODAY()-G4)/365,1),ROUND((hr_analytics_dataset_5873_rows[[#This Row],[Resignation Date]]-hr_analytics_dataset_5873_rows[[#This Row],[Hire Date]])/365,1)) -> 1.1 | S4: 2 | W4: =COUNTA(_xlfn.UNIQUE(hr_analytics_dataset_5873_rows[Employee ID])) -> 5873
A5: EMP000004 | B5: Employee_4 | C5: Female | D5: 39 | E5: Marketing | F5: Marketing Executive | G5: 44246 | H5: Active | J5: High School | K5: Bandung | L5: 7673135 | M5: =IF(L5<5000000,"<Rp5 jt",IF(L5<10000000,"Rp5 jt - Rp10 jt",IF(L5<15000000,"Rp10 jt - Rp15 jt",IF(L5<25000000,"Rp15 jt - Rp25 jt",">Rp25 jt")))) -> Rp5 jt - Rp10 jt | N5: 5803373 | O5: 4.48 | P5: 58 | Q5: 97.08 | R5: =IF(I5="",ROUND((TODAY()-G5)/365,1),ROUND((hr_analytics_dataset_5873_rows[[#This Row],[Resignation Date]]-hr_analytics_dataset_5873_rows[[#This Row],[Hire Date]])/365,1)) -> 5.3 | S5: 3
A6: EMP000005 | B6: Employee_5 | C6: Male | D6: 56 | E6: IT | F6: Data Analyst | G6: 45108 | H6: Resigned | I6: 46072 | J6: Bachelor | K6: Semarang | L6: 25941260 | M6: =IF(L6<5000000,"<Rp5 jt",IF(L6<10000000,"Rp5 jt - Rp10 jt",IF(L6<15000000,"Rp10 jt - Rp15 jt",IF(L6<25000000,"Rp15 jt - Rp25 jt",">Rp25 jt")))) -> >Rp25 jt | N6: 1286723 | O6: 3.43 | P6: 19 | Q6: 75.48 | R6: =IF(I6="",ROUND((TODAY()-G6)/365,1),ROUND((hr_analytics_dataset_5873_rows[[#This Row],[Resignation Date]]-hr_analytics_dataset_5873_rows[[#This Row],[Hire Date]])/365,1)) -> 2.6 | S6: 1
A7: EMP000006 | B7: Employee_6 | C7: Male | D7: 57 | E7: Logistics | F7: Supply Chain Analyst | G7: 45070 | H7: Active | J7: Diploma | K7: Surabaya | L7: 26677346 | M7: =IF(L7<5000000,"<Rp5 jt",IF(L7<10000000,"Rp5 jt - Rp10 jt",IF(L7<15000000,"Rp10 jt - Rp15 jt",IF(L7<25000000,"Rp15 jt - Rp25 jt",">Rp25 jt")))) -> >Rp25 jt | N7: 9908304 | O7: 3.36 | P7: 15 | Q7: 78.65 | R7: =IF(I7="",ROUND((TODAY()-G7)/365,1),ROUND((hr_analytics_dataset_5873_rows[[#This Row],[Resignation Date]]-hr_analytics_dataset_5873_rows[[#This Row],[Hire Date]])/365,1)) -> 3.1 | S7: 4
A8: EMP000007 | B8: Employee_7 | C8: Female | D8: 24 | E8: Logistics | F8: Supply Chain Analyst | G8: 43562 | H8: Active | J8: Bachelor | K8: Bandung | L8: 25806571 | M8: =IF(L8<5000000,"<Rp5 jt",IF(L8<10000000,"Rp5 jt - Rp10 jt",IF(L8<15000000,"Rp10 jt - Rp15 jt",IF(L8<25000000,"Rp15 jt - Rp25 jt",">Rp25 jt")))) -> >Rp25 jt | N8: 3832514 | O8: 3.93 | P8: 34 | Q8: 87.43 | R8: =IF(I8="",ROUND((TODAY()-G8)/365,1),ROUND((hr_analytics_dataset_5873_rows[[#This Row],[Resignation Date]]-hr_analytics_dataset_5873_rows[[#This Row],[Hire Date]])/365,1)) -> 7.2 | S8: 5
A9: EMP000008 | B9: Employee_8 | C9: Female | D9: 28 | E9: HR | F9: Recruiter | G9: 45823 | H9: Active | J9: Bachelor | K9: Medan | L9: 14576147 | M9: =IF(L9<5000000,"<Rp5 jt",IF(L9<10000000,"Rp5 jt - Rp10 jt",IF(L9<15000000,"Rp10 jt - Rp15 jt",IF(L9<25000000,"Rp15 jt - Rp25 jt",">Rp25 jt")))) -> Rp10 jt - Rp15 jt | N9: 5328081 | O9: 4.65 | P9: 20 | Q9: 70.49 | R9: =IF(I9="",ROUND((TODAY()-G9)/365,1),ROUND((hr_analytics_dataset_5873_rows[[#This Row],[Resignation Date]]-hr_analytics_dataset_5873_rows[[#This Row],[Hire Date]])/365,1)) -> 1 | S9: 2
A10: EMP000009 | B10: Employee_9 | C10: Female | D10: 44 | E10: Operations | F10: Operations Manager | G10: 44292 | H10: Active | J10: Master | K10: Yogyakarta | L10: 28171681 | M10: =IF(L10<5000000,"<Rp5 jt",IF(L10<10000000,"Rp5 jt - Rp10 jt",IF(L10<15000000,"Rp10 jt - Rp15 jt",IF(L10<25000000,"Rp15 jt - Rp25 jt",">Rp25 jt")))) -> >Rp25 jt | N10: 2716525 | O10: 4.78 | P10: 43 | Q10: 76.19 | R10: =IF(I10="",ROUND((TODAY()-G10)/365,1),ROUND((hr_analytics_dataset_5873_rows[[#This Row],[Resignation Date]]-hr_analytics_dataset_5873_rows[[#This Row],[Hire Date]])/365,1)) -> 5.2 | S10: 1
A11: EMP000010 | B11: Employee_10 | C11: Male | D11: 27 | E11: Operations | F11: Operations Manager | G11: 44168 | H11: Resigned | I11: 45722 | J11: High School | K11: Bandung | L11: 11630453 | M11: =IF(L11<5000000,"<Rp5 jt",IF(L11<10000000,"Rp5 jt - Rp10 jt",IF(L11<15000000,"Rp10 jt - Rp15 jt",IF(L11<25000000,"Rp15 jt - Rp25 jt",">Rp25 jt")))) -> Rp10 jt - Rp15 jt | N11: 2850529 | O11: 4.52 | P11: 18 | Q11: 97.16 | R11: =IF(I11="",ROUND((TODAY()-G11)/365,1),ROUND((hr_analytics_dataset_5873_rows[[#This Row],[Resignation Date]]-hr_analytics_dataset_5873_rows[[#This Row],[Hire Date]])/365,1)) -> 4.3 | S11: 3
A12: EMP000011 | B12: Employee_11 | C12: Female | D12: 44 | E12: Sales | F12: Sales Executive | G12: 45656 | H12: Active | J12: Bachelor | K12: Medan | L12: 24453900 | M12: =IF(L12<5000000,"<Rp5 jt",IF(L12<10000000,"Rp5 jt - Rp10 jt",IF(L12<15000000,"Rp10 jt - Rp15 jt",IF(L12<25000000,"Rp15 jt - Rp25 jt",">Rp25 jt")))) -> Rp15 jt - Rp25 jt | N12: 3194035 | O12: 2.98 | P12: 18 | Q12: 88.68 | R12: =IF(I12="",ROUND((TODAY()-G12)/365,1),ROUND((hr_analytics_dataset_5873_rows[[#This Row],[Resignation Date]]-hr_analytics_dataset_5873_rows[[#This Row],[Hire Date]])/365,1)) -> 1.5 | S12: 2
A13: EMP000012 | B13: Employee_12 | C13: Male | D13: 33 | E13: Sales | F13: Sales Executive | G13: 44772 | H13: Active | J13: Bachelor | K13: Yogyakarta | L13: 29873807 | M13: =IF(L13<5000000,"<Rp5 jt",IF(L13<10000000,"Rp5 jt - Rp10 jt",IF(L13<15000000,"Rp10 jt - Rp15 jt",IF(L13<25000000,"Rp15 jt - Rp25 jt",">Rp25 jt")))) -> >Rp25 jt | N13: 8723283 | O13: 3.18 | P13: 20 | Q13: 85.92 | R13: =IF(I13="",ROUND((TODAY()-G13)/365,1),ROUND((hr_analytics_dataset_5873_rows[[#This Row],[Resignation Date]]-hr_analytics_dataset_5873_rows[[#This Row],[Hire Date]])/365,1)) -> 3.9 | S13: 5
A14: EMP000013 | B14: Employee_13 | C14: Male | D14: 23 | E14: IT | F14: Software Engineer | G14: 45020 | H14: Resigned | I14: 45570 | J14: Bachelor | K14: Surabaya | L14: 15446940 | M14: =IF(L14<5000000,"<Rp5 jt",IF(L14<10000000,"Rp5 jt - Rp10 jt",IF(L14<15000000,"Rp10 jt - Rp15 jt",IF(L14<25000000,"Rp15 jt - Rp25 jt",">Rp25 jt")))) -> Rp15 jt - Rp25 jt | N14: 8647617 | O14: 3.38 | P14: 55 | Q14: 77.21 | R14: =IF(I14="",ROUND((TODAY()-G14)/365,1),ROUND((hr_analytics_dataset_5873_rows[[#This Row],[Resignation Date]]-hr_analytics_dataset_5873_rows[[#This Row],[Hire Date]])/365,1)) -> 1.5 | S14: 1
A15: EMP000014 | B15: Employee_14 | C15: Female | D15: 21 | E15: Marketing | F15: Marketing Executive | G15: 45685 | H15: Active | J15: Diploma | K15: Bandung | L15: 20694172 | M15: =IF(L15<5000000,"<Rp5 jt",IF(L15<10000000,"Rp5 jt - Rp10 jt",IF(L15<15000000,"Rp10 jt - Rp15 jt",IF(L15<25000000,"Rp15 jt - Rp25 jt",">Rp25 jt")))) -> Rp15 jt - Rp25 jt | N15: 2767849 | O15: 4.44 | P15: 21 | Q15: 75.69 | R15: =IF(I15="",ROUND((TODAY()-G15)/365,1),ROUND((hr_analytics_dataset_5873_rows[[#This Row],[Resignation Date]]-hr_analytics_dataset_5873_rows[[#This Row],[Hire Date]])/365,1)) -> 1.4 | S15: 1
A16: EMP000015 | B16: Employee_15 | C16: Male | D16: 38 | E16: Logistics | F16: Supply Chain Analyst | G16: 43455 | H16: Resigned | I16: 44277 | J16: Master | K16: Surabaya | L16: 33973726 | M16: =IF(L16<5000000,"<Rp5 jt",IF(L16<10000000,"Rp5 jt - Rp10 jt",IF(L16<15000000,"Rp10 jt - Rp15 jt",IF(L16<25000000,"Rp15 jt - Rp25 jt",">Rp25 jt")))) -> >Rp25 jt | N16: 7078185 | O16: 2.72 | P16: 26 | Q16: 86.34 | R16: =IF(I16="",ROUND((TODAY()-G16)/365,1),ROUND((hr_analytics_dataset_5873_rows[[#This Row],[Resignation Date]]-hr_analytics_dataset_5873_rows[[#This Row],[Hire Date]])/365,1)) -> 2.3 | S16: 2
A17: EMP000016 | B17: Employee_16 | C17: Male | D17: 35 | E17: Marketing | F17: Marketing Executive | G17: 45306 | H17: Resigned | I17: Missing Resignation Date | J17: Diploma | K17: Bandung | L17: 15971299 | M17: =IF(L17<5000000,"<Rp5 jt",IF(L17<10000000,"Rp5 jt - Rp10 jt",IF(L17<15000000,"Rp10 jt - Rp15 jt",IF(L17<25000000,"Rp15 jt - Rp25 jt",">Rp25 jt")))) -> Rp15 jt - Rp25 jt | N17: 320559 | O17: 4.74 | P17: 18 | Q17: 79.8 | R17: =IF(I17="",ROUND((TODAY()-G17)/365,1),IF(I17="Missing Resignation Date",ROUND((TODAY()-G17)/365,1),ROUND((hr_analytics_dataset_5873_rows[[#This Row],[Resignation Date]]-hr_analytics_dataset_5873_rows[[#This Row],[Hire Date]])/365,1))) -> 2.4 | S17: 4
A18: EMP000017 | B18: Employee_17 | C18: Male | D18: 57 | E18: Logistics | F18: Supply Chain Analyst | G18: 45263 | H18: Resigned | I18: 45637 | J18: Bachelor | K18: Jakarta | L18: 23414742 | M18: =IF(L18<5000000,"<Rp5 jt",IF(L18<10000000,"Rp5 jt - Rp10 jt",IF(L18<15000000,"Rp10 jt - Rp15 jt",IF(L18<25000000,"Rp15 jt - Rp25 jt",">Rp25 jt")))) -> Rp15 jt - Rp25 jt | N18: 3321992 | O18: 4.62 | P18: 29 | Q18: 72.55 | R18: =IF(I18="",ROUND((TODAY()-G18)/365,1),IF(I18="Missing Resignation Date",ROUND((TODAY()-G18)/365,1),ROUND((hr_analytics_dataset_5873_rows[[#This Row],[Resignation Date]]-hr_analytics_dataset_5873_rows[[#This Row],[Hire Date]])/365,1))) -> 1 | S18: 1
A19: EMP000018 | B19: Employee_18 | C19: Female | D19: 27 | E19: Operations | F19: Operations Manager | G19: 44547 | H19: Active | J19: Diploma | K19: Yogyakarta | L19: 25102836 | M19: =IF(L19<5000000,"<Rp5 jt",IF(L19<10000000,"Rp5 jt - Rp10 jt",IF(L19<15000000,"Rp10 jt - Rp15 jt",IF(L19<25000000,"Rp15 jt - Rp25 jt",">Rp25 jt")))) -> >Rp25 jt | N19: 2009979 | O19: 3.99 | P19: 58 | Q19: 76.83 | R19: =IF(I19="",ROUND((TODAY()-G19)/365,1),IF(I19="Missing Resignation Date",ROUND((TODAY()-G19)/365,1),ROUND((hr_analytics_dataset_5873_rows[[#This Row],[Resignation Date]]-hr_analytics_dataset_5873_rows[[#This Row],[Hire Date]])/365,1))) -> 4.5 | S19: 1
A20: EMP000019 | B20: Employee_19 | C20: Male | D20: 40 | E20: Marketing | F20: Marketing Executive | G20: 44986 | H20: Resigned | I20: Missing Resignation Date | J20: High School | K20: Medan | L20: 10196456 | M20: =IF(L20<5000000,"<Rp5 jt",IF(L20<10000000,"Rp5 jt - Rp10 jt",IF(L20<15000000,"Rp10 jt - Rp15 jt",IF(L20<25000000,"Rp15 jt - Rp25 jt",">Rp25 jt")))) -> Rp10 jt - Rp15 jt | N20: 4388124 | O20: 4.62 | P20: 33 | Q20: 78.66 | R20: =IF(I20="",ROUND((TODAY()-G20)/365,1),IF(I20="Missing Resignation Date",ROUND((TODAY()-G20)/365,1),ROUND((hr_analytics_dataset_5873_rows[[#This Row],[Resignation Date]]-hr_analytics_dataset_5873_rows[[#This Row],[Hire Date]])/365,1))) -> 3.3 | S20: 2
A21: EMP000020 | B21: Employee_20 | C21: Male | D21: 34 | E21: Finance | F21: Accountant | G21: 45859 | H21: Active | J21: Bachelor | K21: Bandung | L21: 32257645 | M21: =IF(L21<5000000,"<Rp5 jt",IF(L21<10000000,"Rp5 jt - Rp10 jt",IF(L21<15000000,"Rp10 jt - Rp15 jt",IF(L21<25000000,"Rp15 jt - Rp25 jt",">Rp25 jt")))) -> >Rp25 jt | N21: 3745075 | O21: 4.23 | P21: 54 | Q21: 99.34 | R21: =IF(I21="",ROUND((TODAY()-G21)/365,1),IF(I21="Missing Resignation Date",ROUND((TODAY()-G21)/365,1),ROUND((hr_analytics_dataset_5873_rows[[#This Row],[Resignation Date]]-hr_analytics_dataset_5873_rows[[#This Row],[Hire Date]])/365,1))) -> 0.9 | S21: 5
A22: EMP000021 | B22: Employee_21 | C22: Male | D22: 40 | E22: HR | F22: HR Manager | G22: 44826 | H22: Active | J22: Diploma | K22: Bandung | L22: 17946419 | M22: =IF(L22<5000000,"<Rp5 jt",IF(L22<10000000,"Rp5 jt - Rp10 jt",IF(L22<15000000,"Rp10 jt - Rp15 jt",IF(L22<25000000,"Rp15 jt - Rp25 jt",">Rp25 jt")))) -> Rp15 jt - Rp25 jt | N22: 8283784 | O22: 3.88 | P22: 9 | Q22: 92.81 | R22: =IF(I22="",ROUND((TODAY()-G22)/365,1),IF(I22="Missing Resignation Date",ROUND((TODAY()-G22)/365,1),ROUND((hr_analytics_dataset_5873_rows[[#This Row],[Resignation Date]]-hr_analytics_dataset_5873_rows[[#This Row],[Hire Date]])/365,1))) -> 3.8 | S22: 3
A23: EMP000022 | B23: Employee_22 | C23: Male | D23: 48 | E23: Customer Service | F23: Customer Support | G23: 45608 | H23: Active | J23: High School | K23: Bandung | L23: 15987688 | M23: =IF(L23<5000000,"<Rp5 jt",IF(L23<10000000,"Rp5 jt - Rp10 jt",IF(L23<15000000,"Rp10 jt - Rp15 jt",IF(L23<25000000,"Rp15 jt - Rp25 jt",">Rp25 jt")))) -> Rp15 jt - Rp25 jt | N23: 4470922 | O23: 3.91 | P23: 43 | Q23: 85.38 | R23: =IF(I23="",ROUND((TODAY()-G23)/365,1),IF(I23="Missing Resignation Date",ROUND((TODAY()-G23)/365,1),ROUND((hr_analytics_dataset_5873_rows[[#This Row],[Resignation Date]]-hr_analytics_dataset_5873_rows[[#This Row],[Hire Date]])/365,1))) -> 1.6 | S23: 5
A24: EMP000023 | B24: Employee_23 | C24: Male | D24: 23 | E24: IT | F24: System Admin | G24: 45534 | H24: Active | J24: Master | K24: Semarang | L24: 33753077 | M24: =IF(L24<5000000,"<Rp5 jt",IF(L24<10000000,"Rp5 jt - Rp10 jt",IF(L24<15000000,"Rp10 jt - Rp15 jt",IF(L24<25000000,"Rp15 jt - Rp25 jt",">Rp25 jt")))) -> >Rp25 jt | N24: 2869011 | O24: 3.95 | P24: 59 | Q24: 94.82 | R24: =IF(I24="",ROUND((TODAY()-G24)/365,1),IF(I24="Missing Resignation Date",ROUND((TODAY()-G24)/365,1),ROUND((hr_analytics_dataset_5873_rows[[#This Row],[Resignation Date]]-hr_analytics_dataset_5873_rows[[#This Row],[Hire Date]])/365,1))) -> 1.8 | S24: 3
A25: EMP000024 | B25: Employee_24 | C25: Female | D25: 45 | E25: Operations | F25: Operations Staff | G25: 43948 | H25: Resigned | I25: 44465 | J25: Master | K25: Medan | L25: 15158635 | M25: =IF(L25<5000000,"<Rp5 jt",IF(L25<10000000,"Rp5 jt - Rp10 jt",IF(L25<15000000,"Rp10 jt - Rp15 jt",IF(L25<25000000,"Rp15 jt - Rp25 jt",">Rp25 jt")))) -> Rp15 jt - Rp25 jt | N25: 5461541 | O25: 3.23 | P25: 9 | Q25: 83.81 | R25: =IF(I25="",ROUND((TODAY()-G25)/365,1),IF(I25="Missing Resignation Date",ROUND((TODAY()-G25)/365,1),ROUND((hr_analytics_dataset_5873_rows[[#This Row],[Resignation Date]]-hr_analytics_dataset_5873_rows[[#This Row],[Hire Date]])/365,1))) -> 1.4 | S25: 5
A26: EMP000025 | B26: Employee_25 | C26: Male | D26: 47 | E26: Finance | F26: Accountant | G26: 43276 | H26: Resigned | I26: 43573 | J26: High School | K26: Jakarta | L26: 29950392 | M26: =IF(L26<5000000,"<Rp5 jt",IF(L26<10000000,"Rp5 jt - Rp10 jt",IF(L26<15000000,"Rp10 jt - Rp15 jt",IF(L26<25000000,"Rp15 jt - Rp25 jt",">Rp25 jt")))) -> >Rp25 jt | N26: 5935620 | O26: 4.72 | P26: 30 | Q26: 93.03 | R26: =IF(I26="",ROUND((TODAY()-G26)/365,1),IF(I26="Missing Resignation Date",ROUND((TODAY()-G26)/365,1),ROUND((hr_analytics_dataset_5873_rows[[#This Row],[Resignation Date]]-hr_analytics_dataset_5873_rows[[#This Row],[Hire Date]])/365,1))) -> 0.8 | S26: 3
A27: EMP000026 | B27: Employee_26 | C27: Female | D27: 36 | E27: Marketing | F27: SEO Specialist | G27: 43803 | H27: Active | J27: Diploma | K27: Jakarta | L27: 23175329 | M27: =IF(L27<5000000,"<Rp5 jt",IF(L27<10000000,"Rp5 jt - Rp10 jt",IF(L27<15000000,"Rp10 jt - Rp15 jt",IF(L27<25000000,"Rp15 jt - Rp25 jt",">Rp25 jt")))) -> Rp15 jt - Rp25 jt | N27: 9679331 | O27: 3.6 | P27: 14 | Q27: 86.09 | R27: =IF(I27="",ROUND((TODAY()-G27)/365,1),IF(I27="Missing Resignation Date",ROUND((TODAY()-G27)/365,1),ROUND((hr_analytics_dataset_5873_rows[[#This Row],[Resignation Date]]-hr_analytics_dataset_5873_rows[[#This Row],[Hire Date]])/365,1))) -> 6.6 | S27: 5
A28: EMP000027 | B28: Employee_27 | C28: Male | D28: 51 | E28: Logistics | F28: Warehouse Staff | G28: 43895 | H28: Resigned | I28: 44562 | J28: Master | K28: Yogyakarta | L28: 31548307 | M28: =IF(L28<5000000,"<Rp5 jt",IF(L28<10000000,"Rp5 jt - Rp10 jt",IF(L28<15000000,"Rp10 jt - Rp15 jt",IF(L28<25000000,"Rp15 jt - Rp25 jt",">Rp25 jt")))) -> >Rp25 jt | N28: 3106632 | O28: 4.9 | P28: 12 | Q28: 98.59 | R28: =IF(I28="",ROUND((TODAY()-G28)/365,1),IF(I28="Missing Resignation Date",ROUND((TODAY()-G28)/365,1),ROUND((hr_analytics_dataset_5873_rows[[#This Row],[Resignation Date]]-hr_analytics_dataset_5873_rows[[#This Row],[Hire Date]])/365,1))) -> 1.8 | S28: 1
A29: EMP000028 | B29: Employee_28 | C29: Female | D29: 44 | E29: Operations | F29: Operations Staff | G29: 45199 | H29: Active | J29: Bachelor | K29: Medan | L29: 26355751 | M29: =IF(L29<5000000,"<Rp5 jt",IF(L29<10000000,"Rp5 jt - Rp10 jt",IF(L29<15000000,"Rp10 jt - Rp15 jt",IF(L29<25000000,"Rp15 jt - Rp25 jt",">Rp25 jt")))) -> >Rp25 jt | N29: 4984842 | O29: 4.61 | P29: 1 | Q29: 73.82 | R29: =IF(I29="",ROUND((TODAY()-G29)/365,1),IF(I29="Missing Resignation Date",ROUND((TODAY()-G29)/365,1),ROUND((hr_analytics_dataset_5873_rows[[#This Row],[Resignation Date]]-hr_analytics_dataset_5873_rows[[#This Row],[Hire Date]])/365,1))) -> 2.7 | S29: 3
A30: EMP000029 | B30: Employee_29 | C30: Female | D30: 34 | E30: Finance | F30: Accountant | G30: 43751 | H30: Resigned | I30: 45376 | J30: High School | K30: Medan | L30: 18806654 | M30: =IF(L30<5000000,"<Rp5 jt",IF(L30<10000000,"Rp5 jt - Rp10 jt",IF(L30<15000000,"Rp10 jt - Rp15 jt",IF(L30<25000000,"Rp15 jt - Rp25 jt",">Rp25 jt")))) -> Rp15 jt - Rp25 jt | N30: 5098795 | O30: 2.84 | P30: 60 | Q30: 86.82 | R30: =IF(I30="",ROUND((TODAY()-G30)/365,1),IF(I30="Missing Resignation Date",ROUND((TODAY()-G30)/365,1),ROUND((hr_analytics_dataset_5873_rows[[#This Row],[Resignation Date]]-hr_analytics_dataset_5873_rows[[#This Row],[Hire Date]])/365,1))) -> 4.5 | S30: 5
A31: EMP000030 | B31: Employee_30 | C31: Male | D31: 42 | E31: Customer Service | F31: Call Center | G31: 45975 | H31: Resigned | I31: Missing Resignation Date | J31: Diploma | K31: Bandung | L31: 6152842 | M31: =IF(L31<5000000,"<Rp5 jt",IF(L31<10000000,"Rp5 jt - Rp10 jt",IF(L31<15000000,"Rp10 jt - Rp15 jt",IF(L31<25000000,"Rp15 jt - Rp25 jt",">Rp25 jt")))) -> Rp5 jt - Rp10 jt | N31: 6044376 | O31: 3.29 | P31: 56 | Q31: 73.57 | R31: =IF(I31="",ROUND((TODAY()-G31)/365,1),IF(I31="Missing Resignation Date",ROUND((TODAY()-G31)/365,1),ROUND((hr_analytics_dataset_5873_rows[[#This Row],[Resignation Date]]-hr_analytics_dataset_5873_rows[[#This Row],[Hire Date]])/365,1))) -> 0.6 | S31: 1
A32: EMP000031 | B32: Employee_31 | C32: Male | D32: 32 | E32: Operations | F32: Operations Manager | G32: 45503 | H32: Active | J32: Bachelor | K32: Bandung | L32: 24103248 | M32: =IF(L32<5000000,"<Rp5 jt",IF(L32<10000000,"Rp5 jt - Rp10 jt",IF(L32<15000000,"Rp10 jt - Rp15 jt",IF(L32<25000000,"Rp15 jt - Rp25 jt",">Rp25 jt")))) -> Rp15 jt - Rp25 jt | N32: 752787 | O32: 4.49 | P32: 55 | Q32: 79.52 | R32: =IF(I32="",ROUND((TODAY()-G32)/365,1),IF(I32="Missing Resignation Date",ROUND((TODAY()-G32)/365,1),ROUND((hr_analytics_dataset_5873_rows[[#This Row],[Resignation Date]]-hr_analytics_dataset_5873_rows[[#This Row],[Hire Date]])/365,1))) -> 1.9 | S32: 4
A33: EMP000032 | B33: Employee_32 | C33: Male | D33: 35 | E33: Finance | F33: Financial Analyst | G33: 44793 | H33: Active | J33: Bachelor | K33: Medan | L33: 23612531 | M33: =IF(L33<5000000,"<Rp5 jt",IF(L33<10000000,"Rp5 jt - Rp10 jt",IF(L33<15000000,"Rp10 jt - Rp15 jt",IF(L33<25000000,"Rp15 jt - Rp25 jt",">Rp25 jt")))) -> Rp15 jt - Rp25 jt | N33: 9330386 | O33: 2.88 | P33: 53 | Q33: 77.27 | R33: =IF(I33="",ROUND((TODAY()-G33)/365,1),IF(I33="Missing Resignation Date",ROUND((TODAY()-G33)/365,1),ROUND((hr_analytics_dataset_5873_rows[[#This Row],[Resignation Date]]-hr_analytics_dataset_5873_rows[[#This Row],[Hire Date]])/365,1))) -> 3.8 | S33: 3
A34: EMP000033 | B34: Employee_33 | C34: Female | D34: 28 | E34: Customer Service | F34: Customer Support | G34: 44302 | H34: Active | J34: Bachelor | K34: Yogyakarta | L34: 15952207 | M34: =IF(L34<5000000,"<Rp5 jt",IF(L34<10000000,"Rp5 jt - Rp10 jt",IF(L34<15000000,"Rp10 jt - Rp15 jt",IF(L34<25000000,"Rp15 jt - Rp25 jt",">Rp25 jt")))) -> Rp15 jt - Rp25 jt | N34: 9564269 | O34: 3.94 | P34: 56 | Q34: 75.37 | R34: =IF(I34="",ROUND((TODAY()-G34)/365,1),IF(I34="Missing Resignation Date",ROUND((TODAY()-G34)/365,1),ROUND((hr_analytics_dataset_5873_rows[[#This Row],[Resignation Date]]-hr_analytics_dataset_5873_rows[[#This Row],[Hire Date]])/365,1))) -> 5.2 | S34: 2
A35: EMP000034 | B35: Employee_34 | C35: Female | D35: 55 | E35: Marketing | F35: SEO Specialist | G35: 43816 | H35: Active | J35: Master | K35: Semarang | L35: 4459416 | M35: =IF(L35<5000000,"<Rp5 jt",IF(L35<10000000,"Rp5 jt - Rp10 jt",IF(L35<15000000,"Rp10 jt - Rp15 jt",IF(L35<25000000,"Rp15 jt - Rp25 jt",">Rp25 jt")))) -> <Rp5 jt | N35: 5443043 | O35: 4.17 | P35: 4 | Q35: 90.02 | R35: =IF(I35="",ROUND((TODAY()-G35)/365,1),IF(I35="Missing Resignation Date",ROUND((TODAY()-G35)/365,1),ROUND((hr_analytics_dataset_5873_rows[[#This Row],[Resignation Date]]-hr_analytics_dataset_5873_rows[[#This Row],[Hire Date]])/365,1))) -> 6.5 | S35: 1
A36: EMP000035 | B36: Employee_35 | C36: Female | D36: 26 | E36: Finance | F36: Financial Analyst | G36: 45916 | H36: Resigned | I36: Missing Resignation Date | J36: Bachelor | K36: Surabaya | L36: 25353719 | M36: =IF(L36<5000000,"<Rp5 jt",IF(L36<10000000,"Rp5 jt - Rp10 jt",IF(L36<15000000,"Rp10 jt - Rp15 jt",IF(L36<25000000,"Rp15 jt - Rp25 jt",">Rp25 jt")))) -> >Rp25 jt | N36: 4816866 | O36: 2.84 | P36: 57 | Q36: 98.47 | R36: =IF(I36="",ROUND((TODAY()-G36)/365,1),IF(I36="Missing Resignation Date",ROUND((TODAY()-G36)/365,1),ROUND((hr_analytics_dataset_5873_rows[[#This Row],[Resignation Date]]-hr_analytics_dataset_5873_rows[[#This Row],[Hire Date]])/365,1))) -> 0.8 | S36: 4
A37: EMP000036 | B37: Employee_36 | C37: Male | D37: 54 | E37: Finance | F37: Accountant | G37: 45194 | H37: Active | J37: Bachelor | K37: Bandung | L37: 6809904 | M37: =IF(L37<5000000,"<Rp5 jt",IF(L37<10000000,"Rp5 jt - Rp10 jt",IF(L37<15000000,"Rp10 jt - Rp15 jt",IF(L37<25000000,"Rp15 jt - Rp25 jt",">Rp25 jt")))) -> Rp5 jt - Rp10 jt | N37: 2898774 | O37: 4.11 | P37: 50 | Q37: 80.24 | R37: =IF(I37="",ROUND((TODAY()-G37)/365,1),IF(I37="Missing Resignation Date",ROUND((TODAY()-G37)/365,1),ROUND((hr_analytics_dataset_5873_rows[[#This Row],[Resignation Date]]-hr_analytics_dataset_5873_rows[[#This Row],[Hire Date]])/365,1))) -> 2.7 | S37: 1
A38: EMP000037 | B38: Employee_37 | C38: Male | D38: 49 | E38: Logistics | F38: Supply Chain Analyst | G38: 44167 | H38: Active | J38: Diploma | K38: Bandung | L38: 21462766 | M38: =IF(L38<5000000,"<Rp5 jt",IF(L38<10000000,"Rp5 jt - Rp10 jt",IF(L38<15000000,"Rp10 jt - Rp15 jt",IF(L38<25000000,"Rp15 jt - Rp25 jt",">Rp25 jt")))) -> Rp15 jt - Rp25 jt | N38: 7248097 | O38: 4.75 | P38: 36 | Q38: 98.23 | R38: =IF(I38="",ROUND((TODAY()-G38)/365,1),IF(I38="Missing Resignation Date",ROUND((TODAY()-G38)/365,1),ROUND((hr_analytics_dataset_5873_rows[[#This Row],[Resignation Date]]-hr_analytics_dataset_5873_rows[[#This Row],[Hire Date]])/365,1))) -> 5.6 | S38: 1
A39: EMP000038 | B39: Employee_38 | C39: Male | D39: 38 | E39: Sales | F39: Sales Executive | G39: 43805 | H39: Active | J39: Diploma | K39: Surabaya | L39: 6905628 | M39: =IF(L39<5000000,"<Rp5 jt",IF(L39<10000000,"Rp5 jt - Rp10 jt",IF(L39<15000000,"Rp10 jt - Rp15 jt",IF(L39<25000000,"Rp15 jt - Rp25 jt",">Rp25 jt")))) -> Rp5 jt - Rp10 jt | N39: 3557270 | O39: 4.78 | P39: 37 | Q39: 80.78 | R39: =IF(I39="",ROUND((TODAY()-G39)/365,1),IF(I39="Missing Resignation Date",ROUND((TODAY()-G39)/365,1),ROUND((hr_analytics_dataset_5873_rows[[#This Row],[Resignation Date]]-hr_analytics_dataset_5873_rows[[#This Row],[Hire Date]])/365,1))) -> 6.6 | S39: 2
A40: EMP000039 | B40: Employee_39 | C40: Female | D40: 40 | E40: Finance | F40: Financial Analyst | G40: 45849 | H40: Active | J40: Bachelor | K40: Surabaya | L40: 20205317 | M40: =IF(L40<5000000,"<Rp5 jt",IF(L40<10000000,"Rp5 jt - Rp10 jt",IF(L40<15000000,"Rp10 jt - Rp15 jt",IF(L40<25000000,"Rp15 jt - Rp25 jt",">Rp25 jt")))) -> Rp15 jt - Rp25 jt | N40: 1169010 | O40: 4.38 | P40: 58 | Q40: 84.38 | R40: =IF(I40="",ROUND((TODAY()-G40)/365,1),IF(I40="Missing Resignation Date",ROUND((TODAY()-G40)/365,1),ROUND((hr_analytics_dataset_5873_rows[[#This Row],[Resignation Date]]-hr_analytics_dataset_5873_rows[[#This Row],[Hire Date]])/365,1))) -> 1 | S40: 3
A41: EMP000040 | B41: Employee_40 | C41: Female | D41: 45 | E41: Marketing | F41: SEO Specialist | G41: 45926 | H41: Active | J41: High School | K41: Yogyakarta | L41: 23131977 | M41: =IF(L41<5000000,"<Rp5 jt",IF(L41<10000000,"Rp5 jt - Rp10 jt",IF(L41<15000000,"Rp10 jt - Rp15 jt",IF(L41<25000000,"Rp15 jt - Rp25 jt",">Rp25 jt")))) -> Rp15 jt - Rp25 jt | N41: 8320184 | O41: 3.63 | P41: 18 | Q41: 76.94 | R41: =IF(I41="",ROUND((TODAY()-G41)/365,1),IF(I41="Missing Resignation Date",ROUND((TODAY()-G41)/365,1),ROUND((hr_analytics_dataset_5873_rows[[#This Row],[Resignation Date]]-hr_analytics_dataset_5873_rows[[#This Row],[Hire Date]])/365,1))) -> 0.7 | S41: 1
A42: EMP000041 | B42: Employee_41 | C42: Female | D42: 32 | E42: Operations | F42: Operations Manager | G42: 43623 | H42: Resigned | I42: 45128 | J42: Diploma | K42: Surabaya | L42: 33536488 | M42: =IF(L42<5000000,"<Rp5 jt",IF(L42<10000000,"Rp5 jt - Rp10 jt",IF(L42<15000000,"Rp10 jt - Rp15 jt",IF(L42<25000000,"Rp15 jt - Rp25 jt",">Rp25 jt")))) -> >Rp25 jt | N42: 830047 | O42: 3.56 | P42: 7 | Q42: 97.31 | R42: =IF(I42="",ROUND((TODAY()-G42)/365,1),IF(I42="Missing Resignation Date",ROUND((TODAY()-G42)/365,1),ROUND((hr_analytics_dataset_5873_rows[[#This Row],[Resignation Date]]-hr_analytics_dataset_5873_rows[[#This Row],[Hire Date]])/365,1))) -> 4.1 | S42: 1
A43: EMP000042 | B43: Employee_42 | C43: Male | D43: 27 | E43: Customer Service | F43: Customer Support | G43: 43974 | H43: Active | J43: Diploma | K43: Semarang | L43: 27820366 | M43: =IF(L43<5000000,"<Rp5 jt",IF(L43<10000000,"Rp5 jt - Rp10 jt",IF(L43<15000000,"Rp10 jt - Rp15 jt",IF(L43<25000000,"Rp15 jt - Rp25 jt",">Rp25 jt")))) -> >Rp25 jt | N43: 3433170 | O43: 4.08 | P43: 58 | Q43: 82.81 | R43: =IF(I43="",ROUND((TODAY()-G43)/365,1),IF(I43="Missing Resignation Date",ROUND((TODAY()-G43)/365,1),ROUND((hr_analytics_dataset_5873_rows[[#This Row],[Resignation Date]]-hr_analytics_dataset_5873_rows[[#This Row],[Hire Date]])/365,1))) -> 6.1 | S43: 4
A44: EMP000043 | B44: Employee_43 | C44: Male | D44: 50 | E44: Finance | F44: Accountant | G44: 45852 | H44: Resigned | I44: Missing Resignation Date | J44: High School | K44: Surabaya | L44: 4242776 | M44: =IF(L44<5000000,"<Rp5 jt",IF(L44<10000000,"Rp5 jt - Rp10 jt",IF(L44<15000000,"Rp10 jt - Rp15 jt",IF(L44<25000000,"Rp15 jt - Rp25 jt",">Rp25 jt")))) -> <Rp5 jt | N44: 3731871 | O44: 3.79 | P44: 42 | Q44: 78.68 | R44: =IF(I44="",ROUND((TODAY()-G44)/365,1),IF(I44="Missing Resignation Date",ROUND((TODAY()-G44)/365,1),ROUND((hr_analytics_dataset_5873_rows[[#This Row],[Resignation Date]]-hr_analytics_dataset_5873_rows[[#This Row],[Hire Date]])/365,1))) -> 0.9 | S44: 4
A45: EMP000044 | B45: Employee_44 | C45: Female | D45: 47 | E45: HR | F45: Recruiter | G45: 45047 | H45: Resigned | I45: Missing Resignation Date | J45: High School | K45: Bandung | L45: 29653938 | M45: =IF(L45<5000000,"<Rp5 jt",IF(L45<10000000,"Rp5 jt - Rp10 jt",IF(L45<15000000,"Rp10 jt - Rp15 jt",IF(L45<25000000,"Rp15 jt - Rp25 jt",">Rp25 jt")))) -> >Rp25 jt | N45: 8064710 | O45: 3.9 | P45: 48 | Q45: 92.71 | R45: =IF(I45="",ROUND((TODAY()-G45)/365,1),IF(I45="Missing Resignation Date",ROUND((TODAY()-G45)/365,1),ROUND((hr_analytics_dataset_5873_rows[[#This Row],[Resignation Date]]-hr_analytics_dataset_5873_rows[[#This Row],[Hire Date]])/365,1))) -> 3.2 | S45: 2
A46: EMP000045 | B46: Employee_45 | C46: Male | D46: 38 | E46: Logistics | F46: Supply Chain Analyst | G46: 45474 | H46: Active | J46: Bachelor | K46: Semarang | L46: 18750586 | M46: =IF(L46<5000000,"<Rp5 jt",IF(L46<10000000,"Rp5 jt - Rp10 jt",IF(L46<15000000,"Rp10 jt - Rp15 jt",IF(L46<25000000,"Rp15 jt - Rp25 jt",">Rp25 jt")))) -> Rp15 jt - Rp25 jt | N46: 9682837 | O46: 4.52 | P46: 26 | Q46: 96.21 | R46: =IF(I46="",ROUND((TODAY()-G46)/365,1),IF(I46="Missing Resignation Date",ROUND((TODAY()-G46)/365,1),ROUND((hr_analytics_dataset_5873_rows[[#This Row],[Resignation Date]]-hr_analytics_dataset_5873_rows[[#This Row],[Hire Date]])/365,1))) -> 2 | S46: 1
A47: EMP000046 | B47: Employee_46 | C47: Female | D47: 23 | E47: Finance | F47: Accountant | G47: 43140 | H47: Active | J47: Diploma | K47: Bandung | L47: 16221532 | M47: =IF(L47<5000000,"<Rp5 jt",IF(L47<10000000,"Rp5 jt - Rp10 jt",IF(L47<15000000,"Rp10 jt - Rp15 jt",IF(L47<25000000,"Rp15 jt - Rp25 jt",">Rp25 jt")))) -> Rp15 jt - Rp25 jt | N47: 5338264 | O47: 4.89 | P47: 45 | Q47: 94.6 | R47: =IF(I47="",ROUND((TODAY()-G47)/365,1),IF(I47="Missing Resignation Date",ROUND((TODAY()-G47)/365,1),ROUND((hr_analytics_dataset_5873_rows[[#This Row],[Resignation Date]]-hr_analytics_dataset_5873_rows[[#This Row],[Hire Date]])/365,1))) -> 8.4 | S47: 2
A48: EMP000047 | B48: Employee_47 | C48: Male | D48: 49 | E48: Operations | F48: Operations Staff | G48: 44541 | H48: Active | J48: Master | K48: Yogyakarta | L48: 33212439 | M48: =IF(L48<5000000,"<Rp5 jt",IF(L48<10000000,"Rp5 jt - Rp10 jt",IF(L48<15000000,"Rp10 jt - Rp15 jt",IF(L48<25000000,"Rp15 jt - Rp25 jt",">Rp25 jt")))) -> >Rp25 jt | N48: 5375696 | O48: 3.43 | P48: 12 | Q48: 87.56 | R48: =IF(I48="",ROUND((TODAY()-G48)/365,1),IF(I48="Missing Resignation Date",ROUND((TODAY()-G48)/365,1),ROUND((hr_analytics_dataset_5873_rows[[#This Row],[Resignation Date]]-hr_analytics_dataset_5873_rows[[#This Row],[Hire Date]])/365,1))) -> 4.5 | S48: 5
A49: EMP000048 | B49: Employee_48 | C49: Male | D49: 25 | E49: Marketing | F49: SEO Specialist | G49: 45359 | H49: Active | J49: Bachelor | K49: Semarang | L49: 4484050 | M49: =IF(L49<5000000,"<Rp5 jt",IF(L49<10000000,"Rp5 jt - Rp10 jt",IF(L49<15000000,"Rp10 jt - Rp15 jt",IF(L49<25000000,"Rp15 jt - Rp25 jt",">Rp25 jt")))) -> <Rp5 jt | N49: 278501 | O49: 3.33 | P49: 47 | Q49: 87.96 | R49: =IF(I49="",ROUND((TODAY()-G49)/365,1),IF(I49="Missing Resignation Date",ROUND((TODAY()-G49)/365,1),ROUND((hr_analytics_dataset_5873_rows[[#This Row],[Resignation Date]]-hr_analytics_dataset_5873_rows[[#This Row],[Hire Date]])/365,1))) -> 2.3 | S49: 3
A50: EMP000049 | B50: Employee_49 | C50: Female | D50: 29 | E50: IT | F50: Data Analyst | G50: 43424 | H50: Active | J50: Bachelor | K50: Yogyakarta | L50: 17802552 | M50: =IF(L50<5000000,"<Rp5 jt",IF(L50<10000000,"Rp5 jt - Rp10 jt",IF(L50<15000000,"Rp10 jt - Rp15 jt",IF(L50<25000000,"Rp15 jt - Rp25 jt",">Rp25 jt")))) -> Rp15 jt - Rp25 jt | N50: 5271683 | O50: 4.62 | P50: 56 | Q50: 76.97 | R50: =IF(I50="",ROUND((TODAY()-G50)/365,1),IF(I50="Missing Resignation Date",ROUND((TODAY()-G50)/365,1),ROUND((hr_analytics_dataset_5873_rows[[#This Row],[Resignation Date]]-hr_analytics_dataset_5873_rows[[#This Row],[Hire Date]])/365,1))) -> 7.6 | S50: 4
A51: EMP000050 | B51: Employee_50 | C51: Male | D51: 35 | E51: Operations | F51: Operations Staff | G51: 43801 | H51: Active | J51: Bachelor | K51: Jakarta | L51: 4622771 | M51: =IF(L51<5000000,"<Rp5 jt",IF(L51<10000000,"Rp5 jt - Rp10 jt",IF(L51<15000000,"Rp10 jt - Rp15 jt",IF(L51<25000000,"Rp15 jt - Rp25 jt",">Rp25 jt")))) -> <Rp5 jt | N51: 750147 | O51: 4.62 | P51: 41 | Q51: 91.76 | R51: =IF(I51="",ROUND((TODAY()-G51)/365,1),IF(I51="Missing Resignation Date",ROUND((TODAY()-G51)/365,1),ROUND((hr_analytics_dataset_5873_rows[[#This Row],[Resignation Date]]-hr_analytics_dataset_5873_rows[[#This Row],[Hire Date]])/365,1))) -> 6.6 | S51: 1
A52: EMP000051 | B52: Employee_51 | C52: Male | D52: 42 | E52: IT | F52: Data Analyst | G52: 43152 | H52: Active | J52: Bachelor | K52: Bandung | L52: 12349058 | M52: =IF(L52<5000000,"<Rp5 jt",IF(L52<10000000,"Rp5 jt - Rp10 jt",IF(L52<15000000,"Rp10 jt - Rp15 jt",IF(L52<25000000,"Rp15 jt - Rp25 jt",">Rp25 jt")))) -> Rp10 jt - Rp15 jt | N52: 652261 | O52: 3.95 | P52: 38 | Q52: 82.19 | R52: =IF(I52="",ROUND((TODAY()-G52)/365,1),IF(I52="Missing Resignation Date",ROUND((TODAY()-G52)/365,1),ROUND((hr_analytics_dataset_5873_rows[[#This Row],[Resignation Date]]-hr_analytics_dataset_5873_rows[[#This Row],[Hire Date]])/365,1))) -> 8.3 | S52: 3
A53: EMP000052 | B53: Employee_52 | C53: Male | D53: 51 | E53: HR | F53: Recruiter | G53: 45715 | H53: Active | J53: Diploma | K53: Yogyakarta | L53: 27328881 | M53: =IF(L53<5000000,"<Rp5 jt",IF(L53<10000000,"Rp5 jt - Rp10 jt",IF(L53<15000000,"Rp10 jt - Rp15 jt",IF(L53<25000000,"Rp15 jt - Rp25 jt",">Rp25 jt")))) -> >Rp25 jt | N53: 5593311 | O53: 3.11 | P53: 34 | Q53: 75.54 | R53: =IF(I53="",ROUND((TODAY()-G53)/365,1),IF(I53="Missing Resignation Date",ROUND((TODAY()-G53)/365,1),ROUND((hr_analytics_dataset_5873_rows[[#This Row],[Resignation Date]]-hr_analytics_dataset_5873_rows[[#This Row],[Hire Date]])/365,1))) -> 1.3 | S53: 5
A54: EMP000053 | B54: Employee_53 | C54: Female | D54: 44 | E54: Finance | F54: Accountant | G54: 44865 | H54: Active | J54: High School | K54: Yogyakarta | L54: 27875687 | M54: =IF(L54<5000000,"<Rp5 jt",IF(L54<10000000,"Rp5 jt - Rp10 jt",IF(L54<15000000,"Rp10 jt - Rp15 jt",IF(L54<25000000,"Rp15 jt - Rp25 jt",">Rp25 jt")))) -> >Rp25 jt | N54: 3547444 | O54: 2.87 | P54: 20 | Q54: 89.98 | R54: =IF(I54="",ROUND((TODAY()-G54)/365,1),IF(I54="Missing Resignation Date",ROUND((TODAY()-G54)/365,1),ROUND((hr_analytics_dataset_5873_rows[[#This Row],[Resignation Date]]-hr_analytics_dataset_5873_rows[[#This Row],[Hire Date]])/365,1))) -> 3.6 | S54: 1
A55: EMP000054 | B55: Employee_54 | C55: Male | D55: 48 | E55: Logistics | F55: Supply Chain Analyst | G55: 44010 | H55: Active | J55: Bachelor | K55: Medan | L55: 33011931 | M55: =IF(L55<5000000,"<Rp5 jt",IF(L55<10000000,"Rp5 jt - Rp10 jt",IF(L55<15000000,"Rp10 jt - Rp15 jt",IF(L55<25000000,"Rp15 jt - Rp25 jt",">Rp25 jt")))) -> >Rp25 jt | N55: 7048859 | O55: 4.47 | P55: 59 | Q55: 76.23 | R55: =IF(I55="",ROUND((TODAY()-G55)/365,1),IF(I55="Missing Resignation Date",ROUND((TODAY()-G55)/365,1),ROUND((hr_analytics_dataset_5873_rows[[#This Row],[Resignation Date]]-hr_analytics_dataset_5873_rows[[#This Row],[Hire Date]])/365,1))) -> 6 | S55: 4
A56: EMP000055 | B56: Employee_55 | C56: Female | D56: 41 | E56: Customer Service | F56: Call Center | G56: 44928 | H56: Active | J56: Diploma | K56: Yogyakarta | L56: 8533762 | M56: =IF(L56<5000000,"<Rp5 jt",IF(L56<10000000,"Rp5 jt - Rp10 jt",IF(L56<15000000,"Rp10 jt - Rp15 jt",IF(L56<25000000,"Rp15 jt - Rp25 jt",">Rp25 jt")))) -> Rp5 jt - Rp10 jt | N56: 3035226 | O56: 3.41 | P56: 3 | Q56: 78.57 | R56: =IF(I56="",ROUND((TODAY()-G56)/365,1),IF(I56="Missing Resignation Date",ROUND((TODAY()-G56)/365,1),ROUND((hr_analytics_dataset_5873_rows[[#This Row],[Resignation Date]]-hr_analytics_dataset_5873_rows[[#This Row],[Hire Date]])/365,1))) -> 3.5 | S56: 5
A57: EMP000056 | B57: Employee_56 | C57: Male | D57: 45 | E57: Marketing | F57: Marketing Executive | G57: 44363 | H57: Active | J57: Bachelor | K57: Semarang | L57: 27286156 | M57: =IF(L57<5000000,"<Rp5 jt",IF(L57<10000000,"Rp5 jt - Rp10 jt",IF(L57<15000000,"Rp10 jt - Rp15 jt",IF(L57<25000000,"Rp15 jt - Rp25 jt",">Rp25 jt")))) -> >Rp25 jt | N57: 3274303 | O57: 3.17 | P57: 21 | Q57: 80.71 | R57: =IF(I57="",ROUND((TODAY()-G57)/365,1),IF(I57="Missing Resignation Date",ROUND((TODAY()-G57)/365,1),ROUND((hr_analytics_dataset_5873_rows[[#This Row],[Resignation Date]]-hr_analytics_dataset_5873_rows[[#This Row],[Hire Date]])/365,1))) -> 5 | S57: 2
... A63: EMP000062 | B63: Employee_62 | C63: Male | D63: 58 | E63: Sales | F63: Sales Manager | G63: 43732 | H63: Active | J63: Master | K63: Yogyakarta | L63: 34206132 | M63: =IF(L63<5000000,"<Rp5 jt",IF(L63<10000000,"Rp5 jt - Rp10 jt",IF(L63<15000000,"Rp10 jt - Rp15 jt",IF(L63<25000000,"Rp15 jt - Rp25 jt",">Rp25 jt")))) -> >Rp25 jt | N63: 594676 | O63: 2.71 | P63: 28 | Q63: 79.87 | R63: =IF(I63="",ROUND((TODAY()-G63)/365,1),IF(I63="Missing Resignation Date",ROUND((TODAY()-G63)/365,1),ROUND((hr_analytics_dataset_5873_rows[[#This Row],[Resignation Date]]-hr_analytics_dataset_5873_rows[[#This Row],[Hire Date]])/365,1))) -> 6.8 | S63: 4
A64: EMP000063 | B64: Employee_63 | C64: Male | D64: 24 | E64: Sales | F64: Sales Executive | G64: 44219 | H64: Resigned | I64: 44579 | J64: Master | K64: Yogyakarta | L64: 23469311 | M64: =IF(L64<5000000,"<Rp5 jt",IF(L64<10000000,"Rp5 jt - Rp10 jt",IF(L64<15000000,"Rp10 jt - Rp15 jt",IF(L64<25000000,"Rp15 jt - Rp25 jt",">Rp25 jt")))) -> Rp15 jt - Rp25 jt | N64: 2002537 | O64: 3.56 | P64: 4 | Q64: 95.65 | R64: =IF(I64="",ROUND((TODAY()-G64)/365,1),IF(I64="Missing Resignation Date",ROUND((TODAY()-G64)/365,1),ROUND((hr_analytics_dataset_5873_rows[[#This Row],[Resignation Date]]-hr_analytics_dataset_5873_rows[[#This Row],[Hire Date]])/365,1))) -> 1 | S64: 4
A65: EMP000064 | B65: Employee_64 | C65: Female | D65: 50 | E65: Sales | F65: Sales Manager | G65: 43287 | H65: Active | J65: Bachelor | K65: Bandung | L65: 19580637 | M65: =IF(L65<5000000,"<Rp5 jt",IF(L65<10000000,"Rp5 jt - Rp10 jt",IF(L65<15000000,"Rp10 jt - Rp15 jt",IF(L65<25000000,"Rp15 jt - Rp25 jt",">Rp25 jt")))) -> Rp15 jt - Rp25 jt | N65: 9281662 | O65: 2.97 | P65: 0 | Q65: 70.75 | R65: =IF(I65="",ROUND((TODAY()-G65)/365,1),IF(I65="Missing Resignation Date",ROUND((TODAY()-G65)/365,1),ROUND((hr_analytics_dataset_5873_rows[[#This Row],[Resignation Date]]-hr_analytics_dataset_5873_rows[[#This Row],[Hire Date]])/365,1))) -> 8 | S65: 3
A66: EMP000065 | B66: Employee_65 | C66: Male | D66: 44 | E66: Sales | F66: Sales Executive | G66: 44871 | H66: Active | J66: Diploma | K66: Surabaya | L66: 18703059 | M66: =IF(L66<5000000,"<Rp5 jt",IF(L66<10000000,"Rp5 jt - Rp10 jt",IF(L66<15000000,"Rp10 jt - Rp15 jt",IF(L66<25000000,"Rp15 jt - Rp25 jt",">Rp25 jt")))) -> Rp15 jt - Rp25 jt | N66: 8372872 | O66: 4.86 | P66: 18 | Q66: 80.31 | R66: =IF(I66="",ROUND((TODAY()-G66)/365,1),IF(I66="Missing Resignation Date",ROUND((TODAY()-G66)/365,1),ROUND((hr_analytics_dataset_5873_rows[[#This Row],[Resignation Date]]-hr_analytics_dataset_5873_rows[[#This Row],[Hire Date]])/365,1))) -> 3.6 | S66: 3
A67: EMP000066 | B67: Employee_66 | C67: Male | D67: 43 | E67: Sales | F67: Sales Executive | G67: 43435 | H67: Active | J67: Master | K67: Jakarta | L67: 17743861 | M67: =IF(L67<5000000,"<Rp5 jt",IF(L67<10000000,"Rp5 jt - Rp10 jt",IF(L67<15000000,"Rp10 jt - Rp15 jt",IF(L67<25000000,"Rp15 jt - Rp25 jt",">Rp25 jt")))) -> Rp15 jt - Rp25 jt | N67: 4853539 | O67: 4.2 | P67: 40 | Q67: 78.62 | R67: =IF(I67="",ROUND((TODAY()-G67)/365,1),IF(I67="Missing Resignation Date",ROUND((TODAY()-G67)/365,1),ROUND((hr_analytics_dataset_5873_rows[[#This Row],[Resignation Date]]-hr_analytics_dataset_5873_rows[[#This Row],[Hire Date]])/365,1))) -> 7.6 | S67: 2
A68: EMP000067 | B68: Employee_67 | C68: Male | D68: 24 | E68: IT | F68: Data Analyst | G68: 44797 | H68: Active | J68: Diploma | K68: Medan | L68: 5669052 | M68: =IF(L68<5000000,"<Rp5 jt",IF(L68<10000000,"Rp5 jt - Rp10 jt",IF(L68<15000000,"Rp10 jt - Rp15 jt",IF(L68<25000000,"Rp15 jt - Rp25 jt",">Rp25 jt")))) -> Rp5 jt - Rp10 jt | N68: 8724589 | O68: 3.72 | P68: 33 | Q68: 75.08 | R68: =IF(I68="",ROUND((TODAY()-G68)/365,1),IF(I68="Missing Resignation Date",ROUND((TODAY()-G68)/365,1),ROUND((hr_analytics_dataset_5873_rows[[#This Row],[Resignation Date]]-hr_analytics_dataset_5873_rows[[#This Row],[Hire Date]])/365,1))) -> 3.8 | S68: 1
A69: EMP000068 | B69: Employee_68 | C69: Male | D69: 50 | E69: Sales | F69: Sales Executive | G69: 43691 | H69: Active | J69: Bachelor | K69: Medan | L69: 6787234 | M69: =IF(L69<5000000,"<Rp5 jt",IF(L69<10000000,"Rp5 jt - Rp10 jt",IF(L69<15000000,"Rp10 jt - Rp15 jt",IF(L69<25000000,"Rp15 jt - Rp25 jt",">Rp25 jt")))) -> Rp5 jt - Rp10 jt | N69: 6717431 | O69: 3.91 | P69: 11 | Q69: 92.89 | R69: =IF(I69="",ROUND((TODAY()-G69)/365,1),IF(I69="Missing Resignation Date",ROUND((TODAY()-G69)/365,1),ROUND((hr_analytics_dataset_5873_rows[[#This Row],[Resignation Date]]-hr_analytics_dataset_5873_rows[[#This Row],[Hire Date]])/365,1))) -> 6.9 | S69: 2
A70: EMP000069 | B70: Employee_69 | C70: Male | D70: 29 | E70: Marketing | F70: Marketing Executive | G70: 43393 | H70: Resigned | I70: 45028 | J70: Master | K70: Jakarta | L70: 34229487 | M70: =IF(L70<5000000,"<Rp5 jt",IF(L70<10000000,"Rp5 jt - Rp10 jt",IF(L70<15000000,"Rp10 jt - Rp15 jt",IF(L70<25000000,"Rp15 jt - Rp25 jt",">Rp25 jt")))) -> >Rp25 jt | N70: 708489 | O70: 4.17 | P70: 42 | Q70: 80.16 | R70: =IF(I70="",ROUND((TODAY()-G70)/365,1),IF(I70="Missing Resignation Date",ROUND((TODAY()-G70)/365,1),ROUND((hr_analytics_dataset_5873_rows[[#This Row],[Resignation Date]]-hr_analytics_dataset_5873_rows[[#This Row],[Hire Date]])/365,1))) -> 4.5 | S70: 4
A71: EMP000070 | B71: Employee_70 | C71: Female | D71: 21 | E71: Operations | F71: Operations Manager | G71: 45491 | H71: Active | J71: Bachelor | K71: Surabaya | L71: 19650481 | M71: =IF(L71<5000000,"<Rp5 jt",IF(L71<10000000,"Rp5 jt - Rp10 jt",IF(L71<15000000,"Rp10 jt - Rp15 jt",IF(L71<25000000,"Rp15 jt - Rp25 jt",">Rp25 jt")))) -> Rp15 jt - Rp25 jt | N71: 2418211 | O71: 3.1 | P71: 6 | Q71: 88.78 | R71: =IF(I71="",ROUND((TODAY()-G71)/365,1),IF(I71="Missing Resignation Date",ROUND((TODAY()-G71)/365,1),ROUND((hr_analytics_dataset_5873_rows[[#This Row],[Resignation Date]]-hr_analytics_dataset_5873_rows[[#This Row],[Hire Date]])/365,1))) -> 1.9 | S71: 1
A72: EMP000071 | B72: Employee_71 | C72: Male | D72: 53 | E72: Logistics | F72: Supply Chain Analyst | G72: 45361 | H72: Active | J72: High School | K72: Jakarta | L72: 21172922 | M72: =IF(L72<5000000,"<Rp5 jt",IF(L72<10000000,"Rp5 jt - Rp10 jt",IF(L72<15000000,"Rp10 jt - Rp15 jt",IF(L72<25000000,"Rp15 jt - Rp25 jt",">Rp25 jt")))) -> Rp15 jt - Rp25 jt | N72: 9952659 | O72: 3.84 | P72: 55 | Q72: 73.61 | R72: =IF(I72="",ROUND((TODAY()-G72)/365,1),IF(I72="Missing Resignation Date",ROUND((TODAY()-G72)/365,1),ROUND((hr_analytics_dataset_5873_rows[[#This Row],[Resignation Date]]-hr_analytics_dataset_5873_rows[[#This Row],[Hire Date]])/365,1))) -> 2.3 | S72: 4
A73: EMP000072 | B73: Employee_72 | C73: Female | D73: 40 | E73: Customer Service | F73: Call Center | G73: 43404 | H73: Active | J73: Bachelor | K73: Medan | L73: 34382549 | M73: =IF(L73<5000000,"<Rp5 jt",IF(L73<10000000,"Rp5 jt - Rp10 jt",IF(L73<15000000,"Rp10 jt - Rp15 jt",IF(L73<25000000,"Rp15 jt - Rp25 jt",">Rp25 jt")))) -> >Rp25 jt | N73: 6798294 | O73: 4.44 | P73: 17 | Q73: 97.52 | R73: =IF(I73="",ROUND((TODAY()-G73)/365,1),IF(I73="Missing Resignation Date",ROUND((TODAY()-G73)/365,1),ROUND((hr_analytics_dataset_5873_rows[[#This Row],[Resignation Date]]-hr_analytics_dataset_5873_rows[[#This Row],[Hire Date]])/365,1))) -> 7.7 | S73: 4
A74: EMP000073 | B74: Employee_73 | C74: Male | D74: 30 | E74: HR | F74: Recruiter | G74: 45547 | H74: Active | J74: Master | K74: Medan | L74: 27776663 | M74: =IF(L74<5000000,"<Rp5 jt",IF(L74<10000000,"Rp5 jt - Rp10 jt",IF(L74<15000000,"Rp10 jt - Rp15 jt",IF(L74<25000000,"Rp15 jt - Rp25 jt",">Rp25 jt")))) -> >Rp25 jt | N74: 1059555 | O74: 3.15 | P74: 17 | Q74: 74.32 | R74: =IF(I74="",ROUND((TODAY()-G74)/365,1),IF(I74="Missing Resignation Date",ROUND((TODAY()-G74)/365,1),ROUND((hr_analytics_dataset_5873_rows[[#This Row],[Resignation Date]]-hr_analytics_dataset_5873_rows[[#This Row],[Hire Date]])/365,1))) -> 1.8 | S74: 3
A75: EMP000074 | B75: Employee_74 | C75: Male | D75: 24 | E75: HR | F75: Recruiter | G75: 43242 | H75: Active | J75: High School | K75: Semarang | L75: 6442575 | M75: =IF(L75<5000000,"<Rp5 jt",IF(L75<10000000,"Rp5 jt - Rp10 jt",IF(L75<15000000,"Rp10 jt - Rp15 jt",IF(L75<25000000,"Rp15 jt - Rp25 jt",">Rp25 jt")))) -> Rp5 jt - Rp10 jt | N75: 154885 | O75: 3.52 | P75: 14 | Q75: 99.22 | R75: =IF(I75="",ROUND((TODAY()-G75)/365,1),IF(I75="Missing Resignation Date",ROUND((TODAY()-G75)/365,1),ROUND((hr_analytics_dataset_5873_rows[[#This Row],[Resignation Date]]-hr_analytics_dataset_5873_rows[[#This Row],[Hire Date]])/365,1))) -> 8.1 | S75: 5
A76: EMP000075 | B76: Employee_75 | C76: Male | D76: 40 | E76: Sales | F76: Sales Manager | G76: 44095 | H76: Active | J76: High School | K76: Jakarta | L76: 16292452 | M76: =IF(L76<5000000,"<Rp5 jt",IF(L76<10000000,"Rp5 jt - Rp10 jt",IF(L76<15000000,"Rp10 jt - Rp15 jt",IF(L76<25000000,"Rp15 jt - Rp25 jt",">Rp25 jt")))) -> Rp15 jt - Rp25 jt | N76: 9198105 | O76: 2.87 | P76: 45 | Q76: 70.8 | R76: =IF(I76="",ROUND((TODAY()-G76)/365,1),IF(I76="Missing Resignation Date",ROUND((TODAY()-G76)/365,1),ROUND((hr_analytics_dataset_5873_rows[[#This Row],[Resignation Date]]-hr_analytics_dataset_5873_rows[[#This Row],[Hire Date]])/365,1))) -> 5.8 | S76: 4
A77: EMP000076 | B77: Employee_76 | C77: Female | D77: 30 | E77: Operations | F77: Operations Manager | G77: 43723 | H77: Active | J77: Diploma | K77: Yogyakarta | L77: 19271125 | M77: =IF(L77<5000000,"<Rp5 jt",IF(L77<10000000,"Rp5 jt - Rp10 jt",IF(L77<15000000,"Rp10 jt - Rp15 jt",IF(L77<25000000,"Rp15 jt - Rp25 jt",">Rp25 jt")))) -> Rp15 jt - Rp25 jt | N77: 1193893 | O77: 4.07 | P77: 28 | Q77: 74.92 | R77: =IF(I77="",ROUND((TODAY()-G77)/365,1),IF(I77="Missing Resignation Date",ROUND((TODAY()-G77)/365,1),ROUND((hr_analytics_dataset_5873_rows[[#This Row],[Resignation Date]]-hr_analytics_dataset_5873_rows[[#This Row],[Hire Date]])/365,1))) -> 6.8 | S77: 5
A78: EMP000077 | B78: Employee_77 | C78: Male | D78: 50 | E78: Sales | F78: Sales Executive | G78: 45518 | H78: Resigned | I78: Missing Resignation Date | J78: Bachelor | K78: Yogyakarta | L78: 11789277 | M78: =IF(L78<5000000,"<Rp5 jt",IF(L78<10000000,"Rp5 jt - Rp10 jt",IF(L78<15000000,"Rp10 jt - Rp15 jt",IF(L78<25000000,"Rp15 jt - Rp25 jt",">Rp25 jt")))) -> Rp10 jt - Rp15 jt | N78: 6595542 | O78: 4.73 | P78: 33 | Q78: 72.45 | R78: =IF(I78="",ROUND((TODAY()-G78)/365,1),IF(I78="Missing Resignation Date",ROUND((TODAY()-G78)/365,1),ROUND((hr_analytics_dataset_5873_rows[[#This Row],[Resignation Date]]-hr_analytics_dataset_5873_rows[[#This Row],[Hire Date]])/365,1))) -> 1.9 | S78: 1
A79: EMP000078 | B79: Employee_78 | C79: Female | D79: 26 | E79: Logistics | F79: Warehouse Staff | G79: 43505 | H79: Active | J79: High School | K79: Bandung | L79: 14936783 | M79: =IF(L79<5000000,"<Rp5 jt",IF(L79<10000000,"Rp5 jt - Rp10 jt",IF(L79<15000000,"Rp10 jt - Rp15 jt",IF(L79<25000000,"Rp15 jt - Rp25 jt",">Rp25 jt")))) -> Rp10 jt - Rp15 jt | N79: 175051 | O79: 3.48 | P79: 59 | Q79: 96.24 | R79: =IF(I79="",ROUND((TODAY()-G79)/365,1),IF(I79="Missing Resignation Date",ROUND((TODAY()-G79)/365,1),ROUND((hr_analytics_dataset_5873_rows[[#This Row],[Resignation Date]]-hr_analytics_dataset_5873_rows[[#This Row],[Hire Date]])/365,1))) -> 7.4 | S79: 2
A80: EMP000079 | B80: Employee_79 | C80: Female | D80: 58 | E80: Sales | F80: Sales Executive | G80: 44424 | H80: Active | J80: Master | K80: Yogyakarta | L80: 28598815 | M80: =IF(L80<5000000,"<Rp5 jt",IF(L80<10000000,"Rp5 jt - Rp10 jt",IF(L80<15000000,"Rp10 jt - Rp15 jt",IF(L80<25000000,"Rp15 jt - Rp25 jt",">Rp25 jt")))) -> >Rp25 jt | N80: 27802 | O80: 3.36 | P80: 43 | Q80: 82.54 | R80: =IF(I80="",ROUND((TODAY()-G80)/365,1),IF(I80="Missing Resignation Date",ROUND((TODAY()-G80)/365,1),ROUND((hr_analytics_dataset_5873_rows[[#This Row],[Resignation Date]]-hr_analytics_dataset_5873_rows[[#This Row],[Hire Date]])/365,1))) -> 4.9 | S80: 4
A81: EMP000080 | B81: Employee_80 | C81: Male | D81: 25 | E81: Operations | F81: Operations Staff | G81: 45640 | H81: Active | J81: Bachelor | K81: Yogyakarta | L81: 25097007 | M81: =IF(L81<5000000,"<Rp5 jt",IF(L81<10000000,"Rp5 jt - Rp10 jt",IF(L81<15000000,"Rp10 jt - Rp15 jt",IF(L81<25000000,"Rp15 jt - Rp25 jt",">Rp25 jt")))) -> >Rp25 jt | N81: 7374074 | O81: 3.51 | P81: 41 | Q81: 75.6 | R81: =IF(I81="",ROUND((TODAY()-G81)/365,1),IF(I81="Missing Resignation Date",ROUND((TODAY()-G81)/365,1),ROUND((hr_analytics_dataset_5873_rows[[#This Row],[Resignation Date]]-hr_analytics_dataset_5873_rows[[#This Row],[Hire Date]])/365,1))) -> 1.5 | S81: 4
A82: EMP000081 | B82: Employee_81 | C82: Female | D82: 22 | E82: HR | F82: HR Staff | G82: 45989 | H82: Active | J82: Bachelor | K82: Medan | L82: 32217499 | M82: =IF(L82<5000000,"<Rp5 jt",IF(L82<10000000,"Rp5 jt - Rp10 jt",IF(L82<15000000,"Rp10 jt - Rp15 jt",IF(L82<25000000,"Rp15 jt - Rp25 jt",">Rp25 jt")))) -> >Rp25 jt | N82: 3222053 | O82: 4.37 | P82: 59 | Q82: 79.27 | R82: =IF(I82="",ROUND((TODAY()-G82)/365,1),IF(I82="Missing Resignation Date",ROUND((TODAY()-G82)/365,1),ROUND((hr_analytics_dataset_5873_rows[[#This Row],[Resignation Date]]-hr_analytics_dataset_5873_rows[[#This Row],[Hire Date]])/365,1))) -> 0.6 | S82: 2
A83: EMP000082 | B83: Employee_82 | C83: Female | D83: 32 | E83: Operations | F83: Operations Manager | G83: 43143 | H83: Resigned | I83: 43360 | J83: Diploma | K83: Surabaya | L83: 31763270 | M83: =IF(L83<5000000,"<Rp5 jt",IF(L83<10000000,"Rp5 jt - Rp10 jt",IF(L83<15000000,"Rp10 jt - Rp15 jt",IF(L83<25000000,"Rp15 jt - Rp25 jt",">Rp25 jt")))) -> >Rp25 jt | N83: 717840 | O83: 4.16 | P83: 24 | Q83: 77.2 | R83: =IF(I83="",ROUND((TODAY()-G83)/365,1),IF(I83="Missing Resignation Date",ROUND((TODAY()-G83)/365,1),ROUND((hr_analytics_dataset_5873_rows[[#This Row],[Resignation Date]]-hr_analytics_dataset_5873_rows[[#This Row],[Hire Date]])/365,1))) -> 0.6 | S83: 5
A84: EMP000083 | B84: Employee_83 | C84: Female | D84: 37 | E84: Logistics | F84: Warehouse Staff | G84: 45120 | H84: Resigned | I84: 45564 | J84: Master | K84: Jakarta | L84: 32001521 | M84: =IF(L84<5000000,"<Rp5 jt",IF(L84<10000000,"Rp5 jt - Rp10 jt",IF(L84<15000000,"Rp10 jt - Rp15 jt",IF(L84<25000000,"Rp15 jt - Rp25 jt",">Rp25 jt")))) -> >Rp25 jt | N84: 1675303 | O84: 4.82 | P84: 20 | Q84: 99.73 | R84: =IF(I84="",ROUND((TODAY()-G84)/365,1),IF(I84="Missing Resignation Date",ROUND((TODAY()-G84)/365,1),ROUND((hr_analytics_dataset_5873_rows[[#This Row],[Resignation Date]]-hr_analytics_dataset_5873_rows[[#This Row],[Hire Date]])/365,1))) -> 1.2 | S84: 1
A85: EMP000084 | B85: Employee_84 | C85: Male | D85: 47 | E85: Logistics | F85: Supply Chain Analyst | G85: 44518 | H85: Active | J85: Bachelor | K85: Yogyakarta | L85: 22411008 | M85: =IF(L85<5000000,"<Rp5 jt",IF(L85<10000000,"Rp5 jt - Rp10 jt",IF(L85<15000000,"Rp10 jt - Rp15 jt",IF(L85<25000000,"Rp15 jt - Rp25 jt",">Rp25 jt")))) -> Rp15 jt - Rp25 jt | N85: 7609504 | O85: 4.36 | P85: 24 | Q85: 82.09 | R85: =IF(I85="",ROUND((TODAY()-G85)/365,1),IF(I85="Missing Resignation Date",ROUND((TODAY()-G85)/365,1),ROUND((hr_analytics_dataset_5873_rows[[#This Row],[Resignation Date]]-hr_analytics_dataset_5873_rows[[#This Row],[Hire Date]])/365,1))) -> 4.6 | S85: 1
A86: EMP000085 | B86: Employee_85 | C86: Female | D86: 25 | E86: Marketing | F86: Marketing Executive | G86: 44867 | H86: Active | J86: Master | K86: Yogyakarta | L86: 33828642 | M86: =IF(L86<5000000,"<Rp5 jt",IF(L86<10000000,"Rp5 jt - Rp10 jt",IF(L86<15000000,"Rp10 jt - Rp15 jt",IF(L86<25000000,"Rp15 jt - Rp25 jt",">Rp25 jt")))) -> >Rp25 jt | N86: 7603173 | O86: 2.94 | P86: 1 | Q86: 89.02 | R86: =IF(I86="",ROUND((TODAY()-G86)/365,1),IF(I86="Missing Resignation Date",ROUND((TODAY()-G86)/365,1),ROUND((hr_analytics_dataset_5873_rows[[#This Row],[Resignation Date]]-hr_analytics_dataset_5873_rows[[#This Row],[Hire Date]])/365,1))) -> 3.6 | S86: 4
A87: EMP000086 | B87: Employee_86 | C87: Female | D87: 54 | E87: Logistics | F87: Warehouse Staff | G87: 44467 | H87: Active | J87: Diploma | K87: Jakarta | L87: 25228608 | M87: =IF(L87<5000000,"<Rp5 jt",IF(L87<10000000,"Rp5 jt - Rp10 jt",IF(L87<15000000,"Rp10 jt - Rp15 jt",IF(L87<25000000,"Rp15 jt - Rp25 jt",">Rp25 jt")))) -> >Rp25 jt | N87: 8240136 | O87: 4.67 | P87: 39 | Q87: 94.47 | R87: =IF(I87="",ROUND((TODAY()-G87)/365,1),IF(I87="Missing Resignation Date",ROUND((TODAY()-G87)/365,1),ROUND((hr_analytics_dataset_5873_rows[[#This Row],[Resignation Date]]-hr_analytics_dataset_5873_rows[[#This Row],[Hire Date]])/365,1))) -> 4.7 | S87: 3
A88: EMP000087 | B88: Employee_87 | C88: Male | D88: 40 | E88: Sales | F88: Sales Manager | G88: 45687 | H88: Active | J88: High School | K88: Yogyakarta | L88: 25446436 | M88: =IF(L88<5000000,"<Rp5 jt",IF(L88<10000000,"Rp5 jt - Rp10 jt",IF(L88<15000000,"Rp10 jt - Rp15 jt",IF(L88<25000000,"Rp15 jt - Rp25 jt",">Rp25 jt")))) -> >Rp25 jt | N88: 2526183 | O88: 4.19 | P88: 46 | Q88: 75.99 | R88: =IF(I88="",ROUND((TODAY()-G88)/365,1),IF(I88="Missing Resignation Date",ROUND((TODAY()-G88)/365,1),ROUND((hr_analytics_dataset_5873_rows[[#This Row],[Resignation Date]]-hr_analytics_dataset_5873_rows[[#This Row],[Hire Date]])/365,1))) -> 1.4 | S88: 1
A89: EMP000088 | B89: Employee_88 | C89: Female | D89: 49 | E89: HR | F89: HR Staff | G89: 43739 | H89: Active | J89: Bachelor | K89: Yogyakarta | L89: 20780699 | M89: =IF(L89<5000000,"<Rp5 jt",IF(L89<10000000,"Rp5 jt - Rp10 jt",IF(L89<15000000,"Rp10 jt - Rp15 jt",IF(L89<25000000,"Rp15 jt - Rp25 jt",">Rp25 jt")))) -> Rp15 jt - Rp25 jt | N89: 348183 | O89: 4.91 | P89: 39 | Q89: 80.72 | R89: =IF(I89="",ROUND((TODAY()-G89)/365,1),IF(I89="Missing Resignation Date",ROUND((TODAY()-G89)/365,1),ROUND((hr_analytics_dataset_5873_rows[[#This Row],[Resignation Date]]-hr_analytics_dataset_5873_rows[[#This Row],[Hire Date]])/365,1))) -> 6.7 | S89: 4
A90: EMP000089 | B90: Employee_89 | C90: Female | D90: 41 | E90: Logistics | F90: Warehouse Staff | G90: 44012 | H90: Active | J90: Master | K90: Medan | L90: 12950573 | M90: =IF(L90<5000000,"<Rp5 jt",IF(L90<10000000,"Rp5 jt - Rp10 jt",IF(L90<15000000,"Rp10 jt - Rp15 jt",IF(L90<25000000,"Rp15 jt - Rp25 jt",">Rp25 jt")))) -> Rp10 jt - Rp15 jt | N90: 1108560 | O90: 3.39 | P90: 58 | Q90: 74.31 | R90: =IF(I90="",ROUND((TODAY()-G90)/365,1),IF(I90="Missing Resignation Date",ROUND((TODAY()-G90)/365,1),ROUND((hr_analytics_dataset_5873_rows[[#This Row],[Resignation Date]]-hr_analytics_dataset_5873_rows[[#This Row],[Hire Date]])/365,1))) -> 6 | S90: 1
A91: EMP000090 | B91: Employee_90 | C91: Male | D91: 54 | E91: Logistics | F91: Supply Chain Analyst | G91: 43822 | H91: Active | J91: Bachelor | K91: Surabaya | L91: 27381875 | M91: =IF(L91<5000000,"<Rp5 jt",IF(L91<10000000,"Rp5 jt - Rp10 jt",IF(L91<15000000,"Rp10 jt - Rp15 jt",IF(L91<25000000,"Rp15 jt - Rp25 jt",">Rp25 jt")))) -> >Rp25 jt | N91: 7189937 | O91: 3.29 | P91: 53 | Q91: 77.55 | R91: =IF(I91="",ROUND((TODAY()-G91)/365,1),IF(I91="Missing Resignation Date",ROUND((TODAY()-G91)/365,1),ROUND((hr_analytics_dataset_5873_rows[[#This Row],[Resignation Date]]-hr_analytics_dataset_5873_rows[[#This Row],[Hire Date]])/365,1))) -> 6.5 | S91: 5
A92: EMP000091 | B92: Employee_91 | C92: Female | D92: 30 | E92: Finance | F92: Financial Analyst | G92: 44679 | H92: Resigned | I92: 45799 | J92: High School | K92: Surabaya | L92: 32434166 | M92: =IF(L92<5000000,"<Rp5 jt",IF(L92<10000000,"Rp5 jt - Rp10 jt",IF(L92<15000000,"Rp10 jt - Rp15 jt",IF(L92<25000000,"Rp15 jt - Rp25 jt",">Rp25 jt")))) -> >Rp25 jt | N92: 5251454 | O92: 4.16 | P92: 15 | Q92: 99.43 | R92: =IF(I92="",ROUND((TODAY()-G92)/365,1),IF(I92="Missing Resignation Date",ROUND((TODAY()-G92)/365,1),ROUND((hr_analytics_dataset_5873_rows[[#This Row],[Resignation Date]]-hr_analytics_dataset_5873_rows[[#This Row],[Hire Date]])/365,1))) -> 3.1 | S92: 1
A93: EMP000092 | B93: Employee_92 | C93: Female | D93: 43 | E93: IT | F93: System Admin | G93: 43290 | H93: Active | J93: Bachelor | K93: Surabaya | L93: 11785036 | M93: =IF(L93<5000000,"<Rp5 jt",IF(L93<10000000,"Rp5 jt - Rp10 jt",IF(L93<15000000,"Rp10 jt - Rp15 jt",IF(L93<25000000,"Rp15 jt - Rp25 jt",">Rp25 jt")))) -> Rp10 jt - Rp15 jt | N93: 5664262 | O93: 4.06 | P93: 39 | Q93: 98.41 | R93: =IF(I93="",ROUND((TODAY()-G93)/365,1),IF(I93="Missing Resignation Date",ROUND((TODAY()-G93)/365,1),ROUND((hr_analytics_dataset_5873_rows[[#This Row],[Resignation Date]]-hr_analytics_dataset_5873_rows[[#This Row],[Hire Date]])/365,1))) -> 8 | S93: 4
A94: EMP000093 | B94: Employee_93 | C94: Male | D94: 57 | E94: Finance | F94: Financial Analyst | G94: 45369 | H94: Active | J94: Diploma | K94: Surabaya | L94: 19403995 | M94: =IF(L94<5000000,"<Rp5 jt",IF(L94<10000000,"Rp5 jt - Rp10 jt",IF(L94<15000000,"Rp10 jt - Rp15 jt",IF(L94<25000000,"Rp15 jt - Rp25 jt",">Rp25 jt")))) -> Rp15 jt - Rp25 jt | N94: 9410354 | O94: 4.85 | P94: 56 | Q94: 78.29 | R94: =IF(I94="",ROUND((TODAY()-G94)/365,1),IF(I94="Missing Resignation Date",ROUND((TODAY()-G94)/365,1),ROUND((hr_analytics_dataset_5873_rows[[#This Row],[Resignation Date]]-hr_analytics_dataset_5873_rows[[#This Row],[Hire Date]])/365,1))) -> 2.3 | S94: 4
A95: EMP000094 | B95: Employee_94 | C95: Male | D95: 53 | E95: Customer Service | F95: Call Center | G95: 45350 | H95: Active | J95: Master | K95: Jakarta | L95: 15034857 | M95: =IF(L95<5000000,"<Rp5 jt",IF(L95<10000000,"Rp5 jt - Rp10 jt",IF(L95<15000000,"Rp10 jt - Rp15 jt",IF(L95<25000000,"Rp15 jt - Rp25 jt",">Rp25 jt")))) -> Rp15 jt - Rp25 jt | N95: 2680123 | O95: 2.84 | P95: 14 | Q95: 96.88 | R95: =IF(I95="",ROUND((TODAY()-G95)/365,1),IF(I95="Missing Resignation Date",ROUND((TODAY()-G95)/365,1),ROUND((hr_analytics_dataset_5873_rows[[#This Row],[Resignation Date]]-hr_analytics_dataset_5873_rows[[#This Row],[Hire Date]])/365,1))) -> 2.3 | S95: 4
A96: EMP000095 | B96: Employee_95 | C96: Female | D96: 49 | E96: Customer Service | F96: Call Center | G96: 45016 | H96: Active | J96: Bachelor | K96: Yogyakarta | L96: 26038008 | M96: =IF(L96<5000000,"<Rp5 jt",IF(L96<10000000,"Rp5 jt - Rp10 jt",IF(L96<15000000,"Rp10 jt - Rp15 jt",IF(L96<25000000,"Rp15 jt - Rp25 jt",">Rp25 jt")))) -> >Rp25 jt | N96: 8634608 | O96: 4.66 | P96: 55 | Q96: 93.83 | R96: =IF(I96="",ROUND((TODAY()-G96)/365,1),IF(I96="Missing Resignation Date",ROUND((TODAY()-G96)/365,1),ROUND((hr_analytics_dataset_5873_rows[[#This Row],[Resignation Date]]-hr_analytics_dataset_5873_rows[[#This Row],[Hire Date]])/365,1))) -> 3.2 | S96: 3
A97: EMP000096 | B97: Employee_96 | C97: Male | D97: 25 | E97: Sales | F97: Sales Executive | G97: 43353 | H97: Active | J97: Diploma | K97: Semarang | L97: 19278738 | M97: =IF(L97<5000000,"<Rp5 jt",IF(L97<10000000,"Rp5 jt - Rp10 jt",IF(L97<15000000,"Rp10 jt - Rp15 jt",IF(L97<25000000,"Rp15 jt - Rp25 jt",">Rp25 jt")))) -> Rp15 jt - Rp25 jt | N97: 9744724 | O97: 3.24 | P97: 11 | Q97: 71.43 | R97: =IF(I97="",ROUND((TODAY()-G97)/365,1),IF(I97="Missing Resignation Date",ROUND((TODAY()-G97)/365,1),ROUND((hr_analytics_dataset_5873_rows[[#This Row],[Resignation Date]]-hr_analytics_dataset_5873_rows[[#This Row],[Hire Date]])/365,1))) -> 7.8 | S97: 4
A98: EMP000097 | B98: Employee_97 | C98: Female | D98: 21 | E98: Logistics | F98: Warehouse Staff | G98: 43453 | H98: Active | J98: Diploma | K98: Jakarta | L98: 16608799 | M98: =IF(L98<5000000,"<Rp5 jt",IF(L98<10000000,"Rp5 jt - Rp10 jt",IF(L98<15000000,"Rp10 jt - Rp15 jt",IF(L98<25000000,"Rp15 jt - Rp25 jt",">Rp25 jt")))) -> Rp15 jt - Rp25 jt | N98: 1125622 | O98: 3.92 | P98: 0 | Q98: 97.54 | R98: =IF(I98="",ROUND((TODAY()-G98)/365,1),IF(I98="Missing Resignation Date",ROUND((TODAY()-G98)/365,1),ROUND((hr_analytics_dataset_5873_rows[[#This Row],[Resignation Date]]-hr_analytics_dataset_5873_rows[[#This Row],[Hire Date]])/365,1))) -> 7.5 | S98: 3
A99: EMP000098 | B99: Employee_98 | C99: Female | D99: 55 | E99: HR | F99: HR Manager | G99: 45290 | H99: Active | J99: Bachelor | K99: Medan | L99: 23101854 | M99: =IF(L99<5000000,"<Rp5 jt",IF(L99<10000000,"Rp5 jt - Rp10 jt",IF(L99<15000000,"Rp10 jt - Rp15 jt",IF(L99<25000000,"Rp15 jt - Rp25 jt",">Rp25 jt")))) -> Rp15 jt - Rp25 jt | N99: 2279305 | O99: 3.83 | P99: 34 | Q99: 93.5 | R99: =IF(I99="",ROUND((TODAY()-G99)/365,1),IF(I99="Missing Resignation Date",ROUND((TODAY()-G99)/365,1),ROUND((hr_analytics_dataset_5873_rows[[#This Row],[Resignation Date]]-hr_analytics_dataset_5873_rows[[#This Row],[Hire Date]])/365,1))) -> 2.5 | S99: 2
A100: EMP000099 | B100: Employee_99 | C100: Female | D100: 31 | E100: Marketing | F100: SEO Specialist | G100: 43294 | H100: Active | J100: Bachelor | K100: Yogyakarta | L100: 21692138 | M100: =IF(L100<5000000,"<Rp5 jt",IF(L100<10000000,"Rp5 jt - Rp10 jt",IF(L100<15000000,"Rp10 jt - Rp15 jt",IF(L100<25000000,"Rp15 jt - Rp25 jt",">Rp25 jt")))) -> Rp15 jt - Rp25 jt | N100: 1376304 | O100: 4.04 | P100: 42 | Q100: 94.76 | R100: =IF(I100="",ROUND((TODAY()-G100)/365,1),IF(I100="Missing Resignation Date",ROUND((TODAY()-G100)/365,1),ROUND((hr_analytics_dataset_5873_rows[[#This Row],[Resignation Date]]-hr_analytics_dataset_5873_rows[[#This Row],[Hire Date]])/365,1))) -> 8 | S100: 4
A101: EMP000100 | B101: Employee_100 | C101: Female | D101: 28 | E101: Sales | F101: Sales Executive | G101: 45675 | H101: Resigned | I101: Missing Resignation Date | J101: High School | K101: Medan | L101: 12627171 | M101: =IF(L101<5000000,"<Rp5 jt",IF(L101<10000000,"Rp5 jt - Rp10 jt",IF(L101<15000000,"Rp10 jt - Rp15 jt",IF(L101<25000000,"Rp15 jt - Rp25 jt",">Rp25 jt")))) -> Rp10 jt - Rp15 jt | N101: 1149800 | O101: 4.26 | P101: 7 | Q101: 98.37 | R101: =IF(I101="",ROUND((TODAY()-G101)/365,1),IF(I101="Missing Resignation Date",ROUND((TODAY()-G101)/365,1),ROUND((hr_analytics_dataset_5873_rows[[#This Row],[Resignation Date]]-hr_analytics_dataset_5873_rows[[#This Row],[Hire Date]])/365,1))) -> 1.4 | S101: 2
A102: EMP000101 | B102: Employee_101 | C102: Female | D102: 45 | E102: Operations | F102: Operations Staff | G102: 43270 | H102: Active | J102: Diploma | K102: Medan | L102: 34385759 | M102: =IF(L102<5000000,"<Rp5 jt",IF(L102<10000000,"Rp5 jt - Rp10 jt",IF(L102<15000000,"Rp10 jt - Rp15 jt",IF(L102<25000000,"Rp15 jt - Rp25 jt",">Rp25 jt")))) -> >Rp25 jt | N102: 4927409 | O102: 2.96 | P102: 33 | Q102: 85.08 | R102: =IF(I102="",ROUND((TODAY()-G102)/365,1),IF(I102="Missing Resignation Date",ROUND((TODAY()-G102)/365,1),ROUND((hr_analytics_dataset_5873_rows[[#This Row],[Resignation Date]]-hr_analytics_dataset_5873_rows[[#This Row],[Hire Date]])/365,1))) -> 8 | S102: 1
A103: EMP000102 | B103: Employee_102 | C103: Female | D103: 45 | E103: Marketing | F103: Marketing Executive | G103: 44738 | H103: Active | J103: Master | K103: Yogyakarta | L103: 19611772 | M103: =IF(L103<5000000,"<Rp5 jt",IF(L103<10000000,"Rp5 jt - Rp10 jt",IF(L103<15000000,"Rp10 jt - Rp15 jt",IF(L103<25000000,"Rp15 jt - Rp25 jt",">Rp25 jt")))) -> Rp15 jt - Rp25 jt | N103: 5340112 | O103: 2.67 | P103: 52 | Q103: 84.64 | R103: =IF(I103="",ROUND((TODAY()-G103)/365,1),IF(I103="Missing Resignation Date",ROUND((TODAY()-G103)/365,1),ROUND((hr_analytics_dataset_5873_rows[[#This Row],[Resignation Date]]-hr_analytics_dataset_5873_rows[[#This Row],[Hire Date]])/365,1))) -> 4 | S103: 5
A104: EMP000103 | B104: Employee_103 | C104: Male | D104: 35 | E104: HR | F104: HR Staff | G104: 45627 | H104: Active | J104: Diploma | K104: Jakarta | L104: 21525642 | M104: =IF(L104<5000000,"<Rp5 jt",IF(L104<10000000,"Rp5 jt - Rp10 jt",IF(L104<15000000,"Rp10 jt - Rp15 jt",IF(L104<25000000,"Rp15 jt - Rp25 jt",">Rp25 jt")))) -> Rp15 jt - Rp25 jt | N104: 1423813 | O104: 4.15 | P104: 44 | Q104: 93.45 | R104: =IF(I104="",ROUND((TODAY()-G104)/365,1),IF(I104="Missing Resignation Date",ROUND((TODAY()-G104)/365,1),ROUND((hr_analytics_dataset_5873_rows[[#This Row],[Resignation Date]]-hr_analytics_dataset_5873_rows[[#This Row],[Hire Date]])/365,1))) -> 1.6 | S104: 5
A105: EMP000104 | B105: Employee_104 | C105: Female | D105: 56 | E105: Marketing | F105: SEO Specialist | G105: 45017 | H105: Active | J105: High School | K105: Semarang | L105: 31384454 | M105: =IF(L105<5000000,"<Rp5 jt",IF(L105<10000000,"Rp5 jt - Rp10 jt",IF(L105<15000000,"Rp10 jt - Rp15 jt",IF(L105<25000000,"Rp15 jt - Rp25 jt",">Rp25 jt")))) -> >Rp25 jt | N105: 6465391 | O105: 3.32 | P105: 59 | Q105: 75.84 | R105: =IF(I105="",ROUND((TODAY()-G105)/365,1),IF(I105="Missing Resignation Date",ROUND((TODAY()-G105)/365,1),ROUND((hr_analytics_dataset_5873_rows[[#This Row],[Resignation Date]]-hr_analytics_dataset_5873_rows[[#This Row],[Hire Date]])/365,1))) -> 3.2 | S105: 1
...

Sheet ANALISA HR EMPLOYEE
B2: HR ANALYTIC
B4: Total Employee
B5: Row Labels | C5: Count of Employee ID | J5: Row Labels | K5: Count of Employee ID
B6: HR | C6: 703 | J6: Female | K6: 2893
B7: Marketing | C7: 704 | J7: Male | K7: 2980
B8: Customer Service | C8: 708 | J8: Grand Total | K8: 5873
B9: Sales | C9: 729
B10: Logistics | C10: 735
B11: Finance | C11: 750
B12: IT | C12: 761
B13: Operations | C13: 783
B14: Grand Total | C14: 5873
B17: Attrition By Department
B18: Count of Employee ID | C18: Column Labels | J18: Row Labels | K18: Count of Employee ID
B19: Row Labels | C19: Resigned | J19: 2018 | K19: 765
B20: Marketing | C20: 0.1115348 | J20: 2019 | K20: 696
B21: Customer Service | C21: 0.11248808 | J21: 2020 | K21: 728
B22: HR | C22: 0.12106768 | J22: 2021 | K22: 704
B23: IT | C23: 0.12583413 | J23: 2022 | K23: 751
B24: Logistics | C24: 0.12869399 | J24: 2023 | K24: 757
B25: Sales | C25: 0.12964728 | J25: 2024 | K25: 737
B26: Finance | C26: 0.13536702 | J26: 2025 | K26: 735
B27: Operations | C27: 0.13536702 | J27: Grand Total | K27: 5873
B34: Attritition Rate
B35: Row Labels | C35: Count of Employee ID | L35: Average Salary vs Average Performance Rate
B36: Active | C36: 0.821386 | L36: Employment Status | M36: All
B37: Resigned | C37: 0.178614
B38: Grand Total | C38: 1 | L38: Row Labels | M38: Average of Monthly Salary | N38: Average of Performance Score
L39: Customer Service | M39: 19449803 | N39: 3.6070621
L40: Finance | M40: 19960478 | N40: 3.6907333
B41: Average Salary | L41: HR | M41: 19692607 | N41: 3.6637269
C42: Column Labels | E42: Count of Employee ID | F42: Column Labels | L42: IT | M42: 19635870 | N42: 3.6935611
C43: Active | D43: Resigned | E43: Row Labels | F43: Active | L43: Logistics | M43: 19527854 | N43: 3.6637823
B44: Average of Monthly Salary | C44: 19451741 | D44: 19679013 | E44: <Rp5 jt | F44: 0.032545605 | L44: Marketing | M44: 18909817 | N44: 3.6049574
E45: Rp5 jt - Rp10 jt | F45: 0.16355721 | L45: Operations | M45: 19204505 | N45: 3.663295
E46: Rp10 jt - Rp15 jt | F46: 0.16355721 | L46: Sales | M46: 19544932 | N46: 3.6723594
E47: Rp15 jt - Rp25 jt | F47: 0.32006633
E48: >Rp25 jt | F48: 0.32027363
B50: Row Labels | C50: Count of Employee ID
B51: Active | C51: 4824 | L51: Average Attendance Rate
B52: Resigned | C52: 1049 | L52: Row Labels | M52: Average of Attendance Rate (%)
B53: Grand Total | C53: 5873 | L53: Logistics | M53: 84.526109
L54: Marketing | M54: 84.40223
B55: Average Attendance Rate | L55: Sales | M55: 84.260988
B56: Average of Attendance Rate (%) | L56: Customer Service | M56: 83.872401
B57: 83.826537 | L57: IT | M57: 83.699146
L58: Finance | M58: 83.627227
B59: Average Performance Score | L59: Operations | M59: 83.430473
B60: Average of Performance Score | L60: HR | M60: 82.81357
B61: 3.6581866 | L61: Grand Total | M61: 83.826537
B64: Average Performance Score
C65: Column Labels
C66: Active | D66: Resigned
B67: Count of Employee ID | C67: 4824 | D67: 1049
L69: Employee's Distribution by Region
B70: Average Performance Score | L70: Row Labels | M70: Count of Employee ID
B71: Count of Employee ID | L71: Jakarta | M71: 1039
B72: 5873 | L72: Bandung | M72: 991
L73: Surabaya | M73: 986
L74: Yogyakarta | M74: 979
L75: Medan | M75: 971
L76: Semarang | M76: 907
L77: Grand Total | M77: 5873
L86: Education Level Distribution
L87: Row Labels | M87: Count of Employee ID
L88: Bachelor | M88: 1522
L89: Diploma | M89: 1418
L90: High School | M90: 1446
L91: Master | M91: 1487
L92: Grand Total | M92: 5873

Sheet PORTOFOLIO DATA
A2: DASHBOARD ANALISIS HR
B4: Total Karyawan | C4: =GETPIVOTDATA("[Measures].[Count of Employee ID]",'ANALISA HR EMPLOYEE'!$B$50) -> 5873 | E4: Total Karyawan Aktif | F4: =GETPIVOTDATA("[Measures].[Count of Employee ID]",'ANALISA HR EMPLOYEE'!$B$50,"[hr_analytics_dataset_5873_rows].[Employment Status]","[hr_analytics_dataset_5873_rows].[Employment Status].&[Active]") -> 4824 | H4: Total Karyawan Resign | I4: =GETPIVOTDATA("[Measures].[Count of Employee ID]",'ANALISA HR EMPLOYEE'!$B$50,"[hr_analytics_dataset_5873_rows].[Employment Status]","[hr_analytics_dataset_5873_rows].[Employment Status].&[Resigned]") -> 1049 | K4: Rata - Rata Gaji | L4: =GETPIVOTDATA("[Measures].[Average of Monthly Salary]",'ANALISA HR EMPLOYEE'!$B$42,"[hr_analytics_dataset_5873_rows].[Employment Status]","[hr_analytics_dataset_5873_rows].[Employment Status].&[Active]")/1000000 -> 19.451741
B6: Tingkat Turnover karyawan | C6: =GETPIVOTDATA("[Measures].[Count of Employee ID]",'ANALISA HR EMPLOYEE'!$B$35,"[hr_analytics_dataset_5873_rows].[Employment Status]","[hr_analytics_dataset_5873_rows].[Employment Status].&[Resigned]") -> 0.178614 | E6: Rata - rata Tingkat Kehadiran Karyawan | F6: =GETPIVOTDATA("[Measures].[Average of Attendance Rate (%)]",'ANALISA HR EMPLOYEE'!$B$56)/100 -> 0.83826537 | H6: Rata - rata Tingkat Nilai Performance | I6: =GETPIVOTDATA("[Measures].[Average of Performance Score]",'ANALISA HR EMPLOYEE'!$B$60) -> 3.6581866
F54: Turnover tertinggi : Operations dan Marketing
F56: Terdapat korelasi positif moderat antara gaji dan performa (R2 = 0,51)
F58: Tren perekrutan menunjukkan pemulihan setelah penurunan di 2021
F60: Sebagian besar karyawan mendapatkan gaji di atas Rp15 juta
F62: Missing type : status resign tanpa tanggal resignation

Sheet hr_analytics_dataset_5873_rows
A1: Employee ID,Employee Name,Gender,Age,Department,Job Role,Hire Date,Employment Status,Resignation Date,Education Level,Region,Monthly Salary,Bonus,Performance Score,Overtime Hours,Attendance Rate (%),Years at Company,Job Satisfaction
A2: EMP000001,Employee_1,Female,48,Sales,Sales Manager,2019-05-30,Active,,Master,Bandung,18831984,5723038,4.91,15,98.03,6.6,4
A3: EMP000002,Employee_2,Male,26,IT,System Admin,2020-10-26,Resigned,2026-04-04,Diploma,Bandung,33418624,541210,3.47,55,99.01,5.2,4
A4: EMP000003,Employee_3,Female,36,Operations,Operations Manager,2025-05-08,Active,,High School,Surabaya,15519850,1322362,3.13,46,80.86,0.6,2
A5: EMP000004,Employee_4,Female,39,Marketing,Marketing Executive,2021-02-19,Active,,High School,Bandung,7673135,5803373,4.48,58,97.08,4.9,3
A6: EMP000005,Employee_5,Male,56,IT,Data Analyst,2023-07-01,Resigned,2026-02-19,Bachelor,Semarang,25941260,1286723,3.43,19,75.48,2.5,1
A7: EMP000006,Employee_6,Male,57,Logistics,Supply Chain Analyst,2023-05-24,Active,,Diploma,Surabaya,26677346,9908304,3.36,15,78.65,2.6,4
A8: EMP000007,Employee_7,Female,24,Logistics,Supply Chain Analyst,2019-04-07,Active,,Bachelor,Bandung,25806571,3832514,3.93,34,87.43,6.7,5
A9: EMP000008,Employee_8,Female,28,HR,Recruiter,2025-06-15,Active,,Bachelor,Medan,14576147,5328081,4.65,20,70.49,0.5,2
A10: EMP000009,Employee_9,Female,44,Operations,Operations Manager,2021-04-06,Active,,Master,Yogyakarta,28171681,2716525,4.78,43,76.19,4.7,1
A11: EMP000010,Employee_10,Male,27,Operations,Operations Manager,2020-12-03,Resigned,2025-03-06,High School,Bandung,11630453,2850529,4.52,18,97.16,5.1,3
A12: EMP000011,Employee_11,Female,44,Sales,Sales Executive,2024-12-30,Active,,Bachelor,Medan,24453900,3194035,2.98,18,88.68,1.0,2
... A5921: EMP003997,Employee_3997,Male,30,IT,System Admin,2021-10-01,Resigned,2024-02-23,Master,Jakarta,17878203,7920431,3.9,35,78.95,4.3,3

Sheet Sheet1
A2: Row Labels | B2: Average of Monthly Salary | C2: Average of Performance Score
A3: Customer Service | B3: 19449803 | C3: 3.6070621
A4: Finance | B4: 19960478 | C4: 3.6907333
A5: HR | B5: 19692607 | C5: 3.6637269
A6: IT | B6: 19635870 | C6: 3.6935611
A7: Logistics | B7: 19527854 | C7: 3.6637823
A8: Marketing | B8: 18909817 | C8: 3.6049574
A9: Operations | B9: 19204505 | C9: 3.663295
A10: Sales | B10: 19544932 | C10: 3.6723594
